batch_size,lambda_value,learning_rate,number_of_layers,number_of_neurons_per_layer,demographic_parity,1 - accuracy
297,0.6205646954477,0.000210147218,2,697,0.15547313392162326,0.01705214379511988
979,0.3596079321578,0.0535361448362,4,65,0.0968151311079661,0.12661858208164137
652,0.7642785040662,0.0014379647071,3,136,0.14177483518918355,0.0338931423218624
94,0.005704017356,0.0050831004951,3,339,0.13145708094040554,0.018715994470416962
241,0.9708397453651,0.0329667406801,4,407,0.0,0.5493876570879693
941,0.7790415394316,0.0515082536375,4,65,0.10495234380165734,0.025162847951609633
934,0.8868343293082,0.0453898943671,5,68,0.0904279202222824,0.20147390646870358
955,0.7994945949498,0.0511451394017,3,67,0.07788087626298268,0.039923979049889535
966,0.7888715968454,0.0694201308567,3,64,0.10538416802883148,0.03306110881553128
940,0.7719477597368,0.0785641891201,5,67,0.09651576876640319,0.1378451933082526
979,0.3091665844829,0.0640906148808,5,66,0.10156006713708243,0.1337942761459931
935,0.5004226067909,0.0494649648706,5,69,0.1262525295217832,0.016844459924584786
938,0.3138001142667,0.0551109306597,4,70,0.11957785735527673,0.01829954504252107
955,0.8516210945702,0.0504818677496,1,67,0.1325567732254664,0.04928727655054397
941,0.8526083151495,0.0486468282562,2,67,0.1208917866150538,0.04845524304421287
940,0.8218593877916,0.0491644528674,4,67,0.11459436664978664,0.04678555126005699
769,0.84328069131,0.050575822421,2,67,0.095529971520106,0.051981758433371314
58,0.8145850086176,0.0484814753351,2,67,0.1067899336417516,0.037223656058203394
390,0.8383307127335,0.0491882541986,4,67,0.09137672583262127,0.1719471011874758
277,0.0788153739624,0.0011246047718,1,788,0.16258265525102616,0.013725091456621107
895,0.7897473442105,0.011623077444,1,411,0.1370975116888682,0.023707330158943062
597,0.4199483890762,0.0062957704128,3,1002,0.0,0.4506123429120308
955,0.7942216843043,0.0511451394017,1,66,0.12063616812229157,0.034518573644484116
955,0.8014051648884,0.0813912021537,3,66,0.10176218301057816,0.08587187203212177
465,0.8525713812706,0.0510718560979,3,64,0.12257786591847737,0.0259918527348288
962,0.8084140063594,0.0644491126548,2,115,0.11373677750428517,0.03327441745755999
944,0.7892223744079,0.0886106071424,3,545,0.0,0.5298450375453497
480,0.8783356020164,0.0548473469711,2,66,0.08913641522328057,0.04180265272877135
310,0.9894791475225,0.0539856498856,3,66,0.0009353071451187134,0.5194500271503393
497,0.4323787825414,0.0004186695981,1,866,0.1612181474765142,0.014556908625587095
318,0.9543043285494,0.008585972371,3,902,0.0,0.5294292371295494
242,0.5897873412338,0.0912677296139,2,140,0.0,0.49242300012331236
323,0.9829426743668,0.0005280600229,3,898,0.000210036834081014,0.4506123429120308
313,0.9513181678315,0.0009147188742,3,910,0.03694229573011398,0.04200579351463847
293,0.9650929312504,0.0207853784776,3,935,0.0,0.5098866175869297
273,0.9508823592025,0.0009608810422,3,913,0.03151933302481969,0.20174281381357342
85,0.9808849439551,0.0020037261861,3,952,9.467204411824545e-07,0.4506123429120308
313,0.9513181678315,0.0023947927662,1,910,0.05743155876795451,0.11975874057039508
691,0.9513628007967,0.0006203124367,1,147,0.08960759043693542,0.05094831484009425
203,0.836270266563,0.0026409543209,5,612,0.11920283436775207,0.02058731267888394
310,0.9514800986039,0.0041233638161,1,167,0.05596297184626262,0.047826566661114
777,0.9512133424863,0.0039148895399,1,145,0.0873953640460968,0.05842947726402461
313,0.9516504728065,0.0021298885796,1,140,0.05384638855854671,0.03826121006141818
309,0.9513019375709,0.0650405425862,3,66,0.051837953925132754,0.20584478659400615
382,0.9513719175467,0.0256866139103,5,75,0.00037075579166412354,0.4506123429120308
313,0.9513181678315,0.0005671127966,5,910,0.05702062348524729,0.06217146466886321
313,0.9513181678315,0.0003106423591,5,910,0.036311242977778116,0.04366856250310984
312,0.9508504450793,0.0003920251366,2,908,0.06416021684805552,0.04117073128519537
539,0.4096195582972,0.0014614146338,2,269,0.162449382742246,0.013932342652425888
324,0.9035867255266,0.0004129875844,2,1021,0.12210781077543893,0.02536858478585846
317,0.9148324850811,0.0001455472686,3,1001,0.11126067141691842,0.034518573644484116
60,0.9508823592025,0.0001544371813,2,913,0.0022858152786890663,0.4499886422883302
582,0.0387496336331,0.0003356147463,1,83,0.1623714173833529,0.015388509457187926
40,0.9513181678315,0.0009365435932,3,910,1.3045469919840497e-05,0.4506123429120308
59,0.9513181678315,0.0009333068432,3,910,4.8891703287760416e-05,0.4506123429120308
69,0.9513181678315,0.0007473300774,3,910,0.00023634930451711016,0.4506123429120308
45,0.9513181678315,0.0007351933476,3,910,2.779364585876465e-05,0.4506123429120308
35,0.9493214758244,0.001052627779,4,952,4.303455352783204e-06,0.4506123429120308
526,0.1558490208903,0.0010597119829,3,71,0.16235894362131753,0.015180825586652836
276,0.9503904040561,0.0009977867172,5,332,0.03423355370759964,0.038264022447165
900,0.4300912433377,0.0152683361273,5,574,0.0,0.5000925923922803
313,0.9513181678315,0.0002928416627,4,910,0.04179993470509847,0.04761758476638809
256,0.9508504450793,0.0002641178134,5,908,0.017788854241371155,0.17007405228008765
307,0.9513181678315,0.0011257647112,5,910,0.04858989814917246,0.06446702045037114
313,0.9512805990898,0.001208139554,5,910,0.017642328143119813,0.21144511196540333
921,0.0402320288874,0.0695202977577,2,410,0.0,0.4980135903132781
217,0.6966025769503,0.0609459009151,5,409,0.0,0.4980135903132781
313,0.9513181678315,0.000904919448,4,910,0.040761998792489366,0.05324062556112501
435,0.6182493089424,0.0313142741224,3,206,0.07393857787052789,0.19979858991305402
193,0.4888227212062,0.0678987026873,5,198,0.0,0.49200719970751194
36,0.9870229165204,0.0036907308617,3,952,2.4636586507161456e-07,0.4506123429120308
32,0.9892175928466,0.0027564657636,3,947,7.947285970052084e-08,0.4506123429120308
962,0.1658029844256,0.0009078367561,5,387,0.16280998786290488,0.01393299166452131
35,0.9843411476881,0.0046850012948,3,952,2.0265579223632812e-07,0.4506123429120308
632,0.2859097380484,0.0213235547463,3,145,0.14785742412010827,0.018092077509351177
36,0.9795162144235,0.0023082239999,3,732,7.152557373046875e-08,0.4506123429120308
34,0.9959007831811,0.0030785799645,3,733,6.337960561116536e-07,0.4506123429120308
314,0.9505844167788,0.0003999775404,5,216,0.03593035936355591,0.042838259695699855
314,0.9502543150042,0.0004146180138,5,228,0.05187814831733704,0.03555785834662004
278,0.9503062610623,0.0004099964729,5,220,0.05544614692529043,0.03347972161707853
917,0.2528729324812,0.0002112474838,2,84,0.1577299103140831,0.013724658781890841
313,0.9513181678315,0.0003298326491,5,236,0.04606593052546183,0.043882952831964285
869,0.3577941791914,0.0001144897283,1,85,0.14699405233065285,0.023083629535242435
313,0.951069520577,0.0003376840781,5,214,0.05321334600448609,0.03846997561877892
603,0.7481965207707,0.050363997522,2,431,0.0,0.5019864096867218
276,0.9503904040561,0.0008881223966,5,332,0.04719657798608145,0.05738975988715842
249,0.9503307474056,0.0008508065709,4,352,0.043125895659128825,0.049489335649585374
959,0.0099039525899,0.0001330037572,5,856,0.16368098209301632,0.014556475950856785
264,0.9502950297002,0.0009234654045,4,352,0.03371217250823975,0.11352822445434307
622,0.9501645870863,0.000403810211,4,376,0.06903851081927617,0.04470806354261088
313,0.9500219617288,0.0002035862331,5,799,0.056974962353706346,0.03285796802966419
313,0.9531850008949,0.0003454102817,5,830,0.048444487651189166,0.03950969299564513
501,0.4344636044526,0.0343406853747,4,551,0.0,0.48013417243386025
144,0.9508504450793,0.0001783271822,5,908,0.011810454726219177,0.3911020441717632
152,0.9508823592025,0.0002247041269,5,913,0.009411335984865824,0.31339798936052843
180,0.9509723300599,0.0001199119872,5,910,0.01582955022652944,0.2128984663844185
168,0.9510455823157,0.0199971288813,5,294,9.765227635701497e-07,0.4506123429120308
355,0.9137569290511,0.034912055568,1,196,0.09890842934449513,0.04740946822112273
159,0.9508488695368,0.0071862924569,5,276,0.001266081134478251,0.4506123429120308
140,0.9513181678315,0.0001719408326,5,910,0.0055776139100392665,0.44312793542762324
103,0.2833626254686,0.0005003261748,1,490,0.16244036902983983,0.013933208001886466
157,0.9509723300599,0.0001247090187,1,910,0.03315873344739278,0.05614993044753709
441,0.1020683828299,0.0037946946911,5,771,0.14821235885222755,0.018510257636168138
152,0.9508823592025,0.0001020885854,1,913,0.034887319803237914,0.086733327420112
105,0.5175676044407,0.0804624104669,2,720,0.0,0.4506123429120308
106,0.9506686465589,0.0001066390441,5,79,0.0005028923352559407,0.4506123429120308
60,0.9505934761096,0.0001293591086,5,239,4.095832506815592e-05,0.4506123429120308
50,0.9508945143808,0.0001336104563,5,75,2.9279788335164392e-05,0.4506123429120308
68,0.9984446625973,0.000114729121,5,69,2.559026082356771e-06,0.4506123429120308
152,0.9508823592025,0.0001985131615,2,913,0.018820540110270186,0.17341148881211316
214,0.9508504450793,0.0001568752722,3,465,0.052295004328091935,0.03535428488602266
144,0.9384819359416,0.0001285435419,2,161,0.05743102431297302,0.03140158488753701
147,0.9326699230352,0.0001290381639,2,328,0.07211108356714249,0.026619663768467073
43,0.5590675386465,0.0552807691355,2,630,0.0,0.49011338241307023
50,0.4111277222935,0.0636076111031,4,580,0.0,0.5079928002924882
41,0.4940572113567,0.0568373757511,4,652,0.0,0.4980135903132781
131,0.9334468373027,0.0055690055945,2,283,0.06793438096841177,0.04616055261216552
157,0.9509723300599,0.0001039270831,1,910,0.04009668330351511,0.07797663989131212
156,0.9537784239055,0.0001020368068,1,910,0.02658587296803792,0.10375561665884248
154,0.9537175100944,0.0001012999653,1,159,0.014341106017430624,0.23538435577977718
159,0.9331751584616,0.0001008230671,1,910,0.07389147082964578,0.024745100499522964
159,0.945798712789,0.0001043127166,1,910,0.04943786760171255,0.07049223240690461
156,0.9470472239526,0.0001032191407,1,910,0.03911327322324117,0.0642595529172012
157,0.9513588844679,0.0009592460416,1,197,0.0239777535200119,0.12769377878639063
154,0.9530187415286,0.0009637182539,1,198,0.01881418327490489,0.2318457254981709
256,0.9508504450793,0.0001011184364,5,908,0.02523515025774638,0.12621056981098602
252,0.9512805990898,0.0012990657247,5,910,0.01709590256214142,0.3006336521424971
260,0.9508823592025,0.0011966025645,5,913,0.040184422830740606,0.05801389318558932
180,0.9509723300599,0.0001208013893,5,910,0.02350380818049113,0.04366812982837957
250,0.9507761082969,0.0002611170597,2,910,0.03498740096886953,0.06739146895234305
252,0.9679731193902,0.0001038792361,5,582,0.0002348492542902629,0.4506123429120308
725,0.5275737085407,0.0962149393336,3,78,0.05037899514039358,0.3366094742785689
152,0.9508823592025,0.0004131021267,2,913,0.017759732405344644,0.2366198584720957
180,0.9509723300599,0.0001215894531,4,910,0.027699756622314452,0.05135935583386155
181,0.9533183948348,0.0001415401652,4,331,0.02124247451623281,0.12537291153316127
152,0.9527146551921,0.0001210311307,4,913,0.010771214962005615,0.2705179765533564
160,0.9516576777844,0.0001534888377,4,815,0.007653474807739258,0.3923403592498286
313,0.4943773457039,0.0025848473367,3,885,0.16227975189685823,0.014972492704022344
174,0.9526618002646,0.0010889838621,4,194,0.0043821533521016445,0.4491570414567293
176,0.95372478627,0.0003942685026,1,69,0.01813724935054779,0.14430805575446576
163,0.9526875397622,0.0009384461012,1,191,0.017396638790766396,0.149539525918298
103,0.2037233481352,0.0936030722981,1,1009,0.01820973853270213,0.4352504429507551
105,0.5033325271547,0.0712330558054,2,720,0.0,0.5079928002924882
54,0.9798726927396,0.0215574110938,1,721,0.10788564036289852,0.1457464828952862
43,0.9768309685501,0.02054774682,1,717,0.07377605040868122,0.249697884869581
55,0.9785299167264,0.0195197426754,3,732,0.0,0.48013417243386025
65,0.9745304465663,0.0051985036455,1,721,5.432069301605225e-05,0.4506123429120308
96,0.7195713078206,0.0923682921325,1,1023,0.0290745864311854,0.40252703676220847
94,0.3494648039239,0.0828214952867,4,717,0.0,0.4724645801648924
195,0.9516552908002,0.0001209039197,5,214,0.03434418340524038,0.03535103982554557
793,0.2500518198771,0.0072989042556,4,564,0.13425399363040924,0.01642930852087978
183,0.9522606365747,0.0001207676921,5,125,0.01866347094376882,0.10500474860516482
181,0.9524825606212,0.0001209933758,5,64,0.02278357446193695,0.07007253791853167
195,0.9516514434533,0.0001210161572,5,225,0.033934035897254945,0.03451814096975385
915,0.2951589262888,0.0066119680367,4,325,0.14644407679637275,0.018092510184081468
180,0.9537238597421,0.0001208013893,5,158,0.022537550330162047,0.11913439093459903
976,0.3603359633198,0.0163222644592,1,278,0.14838446527719498,0.014349008417686871
180,0.9270969260301,0.0001208013893,5,64,0.08341487646102905,0.03472669018974948
454,0.1246000775699,0.0038598459083,4,160,0.14758611569801966,0.014140675535056357
180,0.9314094190257,0.0001208013893,5,910,0.08157031138737997,0.032648986134938274
179,0.9539983301963,0.0001206348419,5,65,0.019667234023412066,0.0675783844358246
181,0.9296873565292,0.0001209933758,5,65,0.069022536277771,0.03223210403231216
181,0.9314131198705,0.0001209039197,5,65,0.06817132085561753,0.030151154917023783
498,0.6579712863223,0.00944846031,4,146,0.11796686053276062,0.018923894678317166
189,0.9300499859908,0.0001206527998,5,64,0.07826844751834869,0.034728637226035766
154,0.9542456652749,0.0001306724261,5,65,0.012437227368354797,0.3709865632862511
154,0.9539983301963,0.0001763537742,2,65,0.012833372751871745,0.3734625444302864
159,0.9539610611581,0.0001768570741,1,64,0.011224343379338583,0.3734792024074022
179,0.9531221847925,0.0001204940935,5,75,0.021130165457725524,0.13016197178528083
179,0.9537780941284,0.0001866604746,3,64,0.021177055438359578,0.10167510021828438
188,0.2461939552216,0.0409216311654,2,474,0.021729756395022073,0.38034207264176045
161,0.9553313190625,0.0001383605482,5,64,0.010117303331693013,0.3934397857394736
156,0.9545769581502,0.0001402527448,5,65,0.00877414047718048,0.37431296661265445
588,0.1526816514889,0.0001271356585,1,112,0.15356285224358243,0.016844892599315077
143,0.9400205239151,0.0001274921761,2,68,0.0498065526286761,0.033896171044974374
364,0.2034449398154,0.0042526599584,2,495,0.16238521883885065,0.01372487511925593
733,0.1597686694848,0.031534156064,2,249,0.12035306145747504,0.027038492907379454
296,0.3073615378608,0.0006343167147,1,541,0.1621388187011083,0.013309291040820681
144,0.935921741593,0.0001285435419,2,69,0.05494468311468761,0.03680677395557728
120,0.9336945832105,0.0001280506357,2,74,0.049238321185112,0.029113384576443878
143,0.8050873957313,0.0001274472768,2,85,0.12543070912361146,0.02599358343374991
179,0.9540066758561,0.0001208231799,2,67,0.013563690582911176,0.282574025237917
179,0.9539983301963,0.0001207136602,2,67,0.013687592744827271,0.2880001990303759
621,0.2078800181557,0.0984325826781,3,277,0.0,0.5493876570879693
803,0.6304196192746,0.0013917449989,3,500,0.14748758325974148,0.01996361205518331
181,0.9524825606212,0.000127175995,5,64,0.01972709596157074,0.13743674836286696
179,0.9523464832147,0.0001241942263,5,64,0.024316740036010743,0.043875381024184354
178,0.9518820830336,0.0001264239963,5,64,0.0328402598698934,0.033687838162343865
507,0.9537587998677,0.0001207102462,4,67,0.05895907531181972,0.05386043211225313
180,0.9509723300599,0.0001208013893,4,910,0.02986246248086294,0.05739473564655666
179,0.9523464832147,0.0001236959987,5,65,0.0249476432800293,0.1257897936357874
180,0.9511190903905,0.0001204657525,4,910,0.025290390849113463,0.04491639642524137
163,0.9523461245846,0.0001226254194,5,64,0.020218040545781454,0.0917000006490121
178,0.9518447040295,0.0001239595276,5,906,0.018550780415534974,0.04865968185427081
156,0.952504042904,0.0001108045722,5,65,0.02066175540288289,0.07256539337704788
178,0.9518820830336,0.0001232106166,4,65,0.026139544447263085,0.04096694148723286
222,0.3646827688118,0.0162151725013,4,81,0.14415908455848694,0.019339478756752414
156,0.9536370219084,0.0001221482491,5,65,0.017725808421770732,0.22789172747549435
155,0.9518447040295,0.0001239595276,5,512,0.016807275017102562,0.20811676160271375
156,0.952504042904,0.0001206052828,5,65,0.02014957070350647,0.052610867491200475
155,0.9538578012825,0.0001224349392,5,64,0.013899792234102887,0.1813136437486073
163,0.952764971161,0.0001226254194,3,64,0.01713488499323527,0.20833180094366358
1022,0.2594121754683,0.0925450324862,3,1007,0.0,0.5493876570879693
165,0.9523464832147,0.0001226929597,3,64,0.014855585495630898,0.19006297580699244
162,0.9518852480945,0.0001238426201,5,113,0.025003110369046528,0.04865622045642857
163,0.9511807191742,0.0001229594578,5,835,0.025005610783894856,0.08150704935304312
912,0.6501855402958,0.0001602316999,1,182,0.12740460733572642,0.026825833277446164
642,0.3218750954514,0.0083602316064,5,264,0.13149775912364323,0.014349008417686871
221,0.5098011891873,0.018540436892,1,105,0.16026465942462287,0.017467944210920284
159,0.9513175863084,0.000124102534,5,69,0.01993803481260935,0.13556002172027146
160,0.9517299574085,0.0001241942263,5,74,0.013603048523267108,0.30674539904508685
164,0.9504547511843,0.0001218993487,5,840,0.01702152987321218,0.15032007113172566
178,0.9518447040295,0.0001239595276,5,432,0.027303565541903174,0.04658500652257156
120,0.9336945832105,0.0001290082106,5,69,0.04485704402128855,0.030986866158562297
120,0.9344922441172,0.000454671906,5,66,0.05038011322418849,0.03056976771857105
122,0.9384819359416,0.0001285435419,4,80,0.0475639283657074,0.033688919849169593
119,0.9340800911338,0.0001318293929,3,74,0.048162941137949625,0.034936321096570834
637,0.6218435051405,0.0392186381003,1,555,0.10209561834732692,0.1330654355628341
123,0.9393094066916,0.0002058781571,4,82,0.040683791538079585,0.0388859923719445
123,0.9386846614545,0.0002050933343,4,82,0.04240040282408396,0.028904402681717966
124,0.9397906483876,0.000127912383,4,85,0.034713513652483624,0.030775071878089543
171,0.9509723300599,0.0001241659802,5,910,0.0255479633808136,0.1251634969637051
156,0.952504042904,0.0001206537204,5,65,0.019211211800575258,0.16054222797198864
134,0.9518820830336,0.0001202930481,4,65,0.00599027176698049,0.425872218171906
172,0.9518447040295,0.0001239595276,5,393,0.022636353969573975,0.051987383204865026
437,0.7574403115985,0.0087990083065,3,97,0.13260377546151478,0.019339695094117548
163,0.952023102814,0.000404429881,5,393,0.01789978841940562,0.17867887097855878
180,0.9531452280725,0.0003164787602,5,910,0.013092837731043496,0.2798968503443009
70,0.9340692463435,0.000120079017,4,65,0.02884617845217387,0.03576272983140827
180,0.9511190903905,0.0001204657525,5,910,0.01265459954738617,0.2020889535977985
180,0.9510822154694,0.0001205297154,5,442,0.031314707795778905,0.036597359386121076
178,0.9518447040295,0.0001204042492,1,435,0.032722671826680504,0.05697785354393055
180,0.9509723300599,0.0001208598087,5,426,0.029914891719818114,0.08775206007255953
372,0.6102425449114,0.0015763840694,3,506,0.15128302027781804,0.019339046082022148
180,0.9509723300599,0.0001208013893,5,435,0.02812458078066508,0.05323218840388455
178,0.9518820830336,0.0001232106166,4,77,0.030641785264015196,0.045746266557921064
178,0.9517100481991,0.0001190662336,5,432,0.02518472671508789,0.12183752631203204
178,0.9518447040295,0.0001239595276,1,906,0.04371157785256703,0.04949301338479277
94,0.952504042904,0.0001203189567,4,78,0.00041923026243845615,0.4506123429120308
175,0.9518447040295,0.0001239595276,2,68,0.02061801850795746,0.12725483027252016
173,0.9526722397769,0.0001246281238,3,72,0.015518084168434143,0.24845545938157798
738,0.2734047715982,0.0999967486933,4,91,0.028405853112538654,0.4295432469209784
172,0.9518447040295,0.0001239595276,4,229,0.029114348689715065,0.037430041904547615
312,0.4300945605582,0.0005684443398,2,919,0.16301782578229904,0.01497292537875261
180,0.9525870599616,0.0001246565968,1,275,0.035709242026011154,0.06508163490473581
180,0.9511190903905,0.000124040105,5,910,0.015929245948791505,0.12038417189301683
102,0.1894695080254,0.0026068828701,4,101,0.1477243646979332,0.016636343379319452
547,0.4239860884209,0.0001356935227,2,149,0.16013690928618113,0.015595760652992707
172,0.9518447040295,0.0001249708336,5,383,0.027058797081311547,0.034103422240779134
147,0.9518820830336,0.0001146170767,5,70,0.00875744124253591,0.44728572324826227
172,0.9518447040295,0.0001253165734,5,67,0.02035379310448964,0.06425306279624696
117,0.9444388922108,0.0001037926699,5,64,0.024998760223388677,0.03764161984765522
75,0.9441642930756,0.0001026105089,4,181,0.004445342222849528,0.4506123429120308
172,0.9518447040295,0.0002542119772,5,229,0.017965104182561236,0.128284812467955
363,0.2913048958122,0.0115743270024,5,69,0.14526811192433037,0.01580474254771862
172,0.9518447040295,0.0001273580159,5,362,0.01996889511744181,0.09024837692891803
117,0.9477976955263,0.0001081782968,5,215,0.01830042997996012,0.0653010009929885
117,0.9452582545158,0.0001029326664,3,64,0.022187939286231993,0.059676662174060716
117,0.9497801436643,0.0001215193011,5,214,0.011142931381861367,0.3662048585045463
176,0.9503904040561,0.0010011423241,5,164,0.020970913767814636,0.04949041733641111
922,0.3433755048568,0.000170440223,1,510,0.16100016087293623,0.013932991664521287
679,0.2546062336181,0.0018579128356,4,926,0.14756734420855838,0.0149727090413875
180,0.9527696483599,0.0001242043733,5,910,0.008062560359636943,0.3163088086084964
183,0.9522606365747,0.0001089726441,5,93,0.018531771500905354,0.194398376604412
161,0.947410096662,0.0001089557807,5,71,0.037643383940060934,0.038885776034579364
159,0.9476351477807,0.0001101849813,5,71,0.02931905488173167,0.0361839386813372
130,0.9474362510433,0.000110112452,5,215,0.023837215701738995,0.05281768601227497
901,0.2026685724718,0.0009177922645,3,74,0.16339213848114015,0.014763943484026699
157,0.9477125195617,0.0001091090084,5,72,0.029472885529200233,0.04075644523095097
124,0.9455272209885,0.000127912383,5,85,0.022140462199846906,0.0536499358559712
121,0.9466261890261,0.0001636813608,4,88,0.025023427605628968,0.09917835068719563
122,0.9456197725822,0.0001635693781,4,67,0.025858630736668903,0.04054919403514616
117,0.9375835505412,0.0001635177323,4,86,0.04751366426547369,0.030360569486479982
121,0.8720307730709,0.000137077452,5,68,0.10597078402837116,0.02869585346172232
120,0.8722471993886,0.0001846418735,5,67,0.1190129061539968,0.022250298004720493
116,0.9386846614545,0.0001918211863,3,72,0.04445288678010304,0.032647039098651985
119,0.9453021400199,0.0001605531076,4,70,0.02459233204523722,0.05468467747343915
113,0.9339102915117,0.0001997705759,5,68,0.04649328887462616,0.02537009914741444
114,0.9351730325393,0.0002035183844,5,68,0.05900058150291443,0.025161117252688527
121,0.9375835505412,0.0002002176499,4,83,0.04868335028489431,0.027241850030611726
111,0.9388286087916,0.0001974052714,5,68,0.03990028003851572,0.03742852754299164
122,0.9336977158214,0.0001133268622,5,70,0.059227782487869265,0.02682626595217643
713,0.5030582672379,0.0045120073652,1,527,0.16130970319112142,0.013724442444525664
120,0.9336945832105,0.0001124315362,5,66,0.0507035901149114,0.029528535980148863
383,0.2660400752115,0.0171506605281,2,125,0.1475466246406237,0.016427794159323807
178,0.9518447040295,0.0001239595276,5,813,0.01730319857597351,0.14242397364145545
176,0.9503904040561,0.0010115631348,4,67,0.027306813001632697,0.034935023072379966
180,0.9509913318732,0.0001208013893,5,910,0.030567494531472523,0.0698717768436811
117,0.9451328771352,0.0001101475569,5,64,0.027989111344019574,0.03555937270817602
647,0.7188308948923,0.0381779388709,2,682,0.0,0.5019864096867218
122,0.9503352683763,0.0010160569961,4,64,0.003215194741884868,0.4506123429120308
101,0.2797881134384,0.0003340660712,4,505,0.16221940169731774,0.012477906546585005
117,0.946458756476,0.0001087933707,4,65,0.020922136306762693,0.042628412451513366
178,0.9518447040295,0.0001239313586,5,906,0.020147584875424705,0.0534413866359756
90,0.80285407825,0.0079014107354,4,97,0.1116143529613813,0.022252245041006737
124,0.9470591068957,0.0001014046268,4,65,0.013503831624984742,0.24493218905289665
117,0.946458756476,0.0001028658953,1,65,0.013736571868260702,0.2480673501485156
112,0.9461843008554,0.0001037926699,4,65,0.01828926901022593,0.11124110583007565
119,0.9466524415677,0.0001040486352,2,65,0.015621005495389301,0.18570464324886798
156,0.952504042904,0.0001205925218,5,65,0.015712967514991762,0.1497190859313648
566,0.0370141197932,0.0817815089617,3,928,0.0,0.5394084471087592
100,0.9338116066918,0.0001997808382,5,153,0.044114917020002996,0.03139833982705988
106,0.9338255903352,0.0002003663726,5,152,0.05194289833307266,0.025788711948961686
991,0.3442851297942,0.0024950376286,1,165,0.16165862331787748,0.014349008417686871
390,0.3550744413344,0.0003296970016,2,965,0.16244179209073384,0.01351697491135575
89,0.9339102915117,0.0002004070444,5,80,0.04202483693758646,0.034102773228683714
590,0.2692848043376,0.0004129899074,3,101,0.1612197771668434,0.014349224755052004
108,0.9329031277383,0.0001027381539,5,283,0.049290788670380906,0.02682778031373243
802,0.2532815327201,0.0013730053852,1,917,0.16238244225581486,0.013309074703455548
150,0.5195098643187,0.0007521503914,5,96,0.16178240180015563,0.014764808833487297
754,0.497948077306,0.0046259840897,4,697,0.16024567037820817,0.016428226834054073
117,0.946458756476,0.0001087933707,3,64,0.021771147847175598,0.08441851761310659
97,0.9465369780789,0.0001101849813,4,71,0.008131236831347147,0.44853334083302865
84,0.9465056270861,0.0001102918465,4,65,0.0018179178237915036,0.4506123429120308
70,0.9339135119299,0.0001087923388,4,64,0.028886613249778748,0.029528103305418572
80,0.9464290308302,0.0001100080015,4,65,0.0003780543804168701,0.4506123429120308
84,0.9464217737259,0.0001095847068,4,82,0.002809655666351318,0.4506123429120308
180,0.9509723300599,0.000122941972,5,910,0.02066133717695872,0.22953048301643514
689,0.0432160668891,0.0020307452377,2,267,0.1624593436717987,0.01372530779398624
990,0.7090011210188,0.0076613295543,4,651,0.09662264088789622,0.11227216971233618
124,0.9478174954204,0.0001091090084,5,65,0.01712202231089274,0.19527930235526486
134,0.9476351477807,0.000108742677,5,65,0.022064308325449627,0.06591215404951097
102,0.9456197725822,0.0001161244264,5,65,0.015511802832285565,0.1657033884921502
93,0.9369178046208,0.0001081941417,5,64,0.032448466618855795,0.026617284057450542
178,0.9518820830336,0.0001217673571,4,66,0.02853352725505829,0.05136303356906895
169,0.9539983301963,0.0001206348419,5,65,0.02347682118415833,0.061962482774137274
165,0.9518447040295,0.0001239595276,4,906,0.02235948344071706,0.09086234237118732
318,0.1845214447451,0.0196184144795,1,277,0.14841792931159337,0.015388725794553016
156,0.9647628683537,0.0001206052828,5,64,5.529622236887615e-05,0.4506123429120308
156,0.6574291965157,0.000359883462,3,476,0.15651178807020188,0.014348359405591472
178,0.953838609702,0.0001235740201,5,906,0.0205732653538386,0.21332183860799886
156,0.9947384638093,0.0001066279361,5,64,1.7469127972920738e-05,0.4506123429120308
156,0.9733450413657,0.00011020988,5,64,1.6937653223673504e-05,0.4506123429120308
180,0.9527696483599,0.0002713934216,4,910,0.019639423489570616,0.24832544062512846
152,0.9508823592025,0.0002246482031,5,913,0.010835950573285421,0.33292113854028527
157,0.9612365532973,0.011897029941,5,65,1.730521519978841e-06,0.4506123429120308
100,0.388584190686,0.0212825173114,3,988,0.0,0.5098866175869297
428,0.3920241605291,0.0182438928518,3,1002,0.0,0.46059155289124065
424,0.3578091911225,0.0001445351295,3,489,0.16257371803124748,0.012893057950289988
63,0.9490751249223,0.0057117667463,5,86,9.377797444661459e-07,0.4506123429120308
691,0.6581990854621,0.0027016795597,2,67,0.13753047287464143,0.023082115173686434
117,0.946458756476,0.0001094991138,4,64,0.018371396263440455,0.13597517312397644
546,0.0907877170775,0.0005459067941,5,86,0.16232227981090547,0.017259611328289792
117,0.946458756476,0.0001039327212,5,65,0.02250426212946574,0.08649535631845724
124,0.9465193164606,0.0001084744838,4,64,0.020776561896006268,0.14242094491834345
130,0.946314148599,0.000110074298,4,351,0.02411071459452311,0.0370146741634775
113,0.9449242463257,0.0001079568167,4,89,0.018843281269073482,0.06632903615213707
726,0.3886425445631,0.0530114990506,2,433,0.0,0.4701549624546503
135,0.945338269787,0.0001092194647,4,64,0.0327577551205953,0.04200557717727334
89,0.9402801826658,0.0001082136353,5,64,0.01985351443290711,0.04387408299999349
89,0.9393209272546,0.0001095589318,5,64,0.02323106527328491,0.04429356115100129
88,0.9390331481729,0.0002077678901,5,64,0.022089403867721555,0.047202866037413374
89,0.9394584579925,0.0002387161642,5,64,0.023784531156222026,0.039300278426188905
727,0.1775631075575,0.027749504822,1,745,0.11996182849009832,0.034935672084475414
88,0.9389896742786,0.0002292339715,5,64,0.029152806599934893,0.054893443030799946
88,0.9396482885853,0.0003976843021,5,64,0.022739745179812115,0.14702633474745858
641,0.996563884112,0.0293959192224,3,286,0.0,0.4999074076077198
113,0.9477887636553,0.0001080850722,5,80,0.009401109814643859,0.30629325395194285
112,0.939693932494,0.00010850428,5,80,0.034089235464731846,0.029738383224335373
178,0.9518274068689,0.0001241937827,5,906,0.030242473880449927,0.11518536867132081
111,0.9459674481269,0.0001078597777,4,74,0.015842528144518534,0.22419517091733532
112,0.9476932455565,0.0001061444349,5,77,0.010329020023345948,0.31547699143953045
109,0.9461209272204,0.0001083164618,4,75,0.017083893219629925,0.16183895413864197
107,0.9398804611758,0.0001085429135,4,74,0.036480132738749185,0.040965427125676857
112,0.9477458044045,0.0001071892167,5,161,0.010287583867708842,0.2908638567327433
180,0.9511190903905,0.000124040105,5,622,0.02219363649686177,0.04929528103305416
172,0.9518447040295,0.0002324550749,5,229,0.02359380026658376,0.06009029921620972
178,0.9518447040295,0.0002355006296,5,181,0.03051994542280833,0.04013231193252005
179,0.9477406251456,0.0001239903519,5,69,0.04092958172162374,0.041796811619912534
178,0.9473845559153,0.0001241318489,2,674,0.042996295293172206,0.04283869237043014
939,0.3395328750694,0.0522462290113,2,84,0.1365143900116285,0.022457332863160116
113,0.9464606001091,0.0001049977043,4,70,0.01645505925019582,0.27071051680833164
114,0.9420412935301,0.0001062934659,4,103,0.03155944248040517,0.04886368798959848
143,0.9560015201659,0.0001010324046,1,64,0.006534439325332641,0.43813530171490633
180,0.9509723300599,0.0001200093972,5,910,0.02293828030427297,0.1283670206667085
112,0.9566695292804,0.0001015062944,1,64,0.0038648078838984176,0.4048738644992548
120,0.9477731962708,0.0001005402489,5,913,0.008592745661735535,0.3967101576883055
117,0.946458756476,0.0001028658953,1,67,0.014789620041847229,0.20004283479829787
44,0.9558093661372,0.0001006881657,1,64,0.0014533003171284993,0.44562273792242574
124,0.9470591068957,0.0001012122542,4,67,0.014807669321695962,0.327503618242432
50,0.9485501808819,0.0001005357213,5,64,2.466738224029541e-05,0.4506123429120308
502,0.6125376623876,0.0078695296269,5,492,0.12971713840961457,0.018715778133051808
178,0.9518447040295,0.0001242390596,5,906,0.018748744328816732,0.04553944803684655
86,0.9435529931868,0.0001088140817,5,64,0.017232233285903932,0.18652434552538608
951,0.1333910283139,0.0104747483468,3,87,0.14663607577482862,0.01434857574295656
87,0.9429778760348,0.0002928928166,5,64,0.014305542906125387,0.20570589800558584
89,0.940464770933,0.0001009373363,5,64,0.019306440154711408,0.1118585326701872
177,0.9507859518032,0.0010101730698,5,131,0.021677434444427494,0.13909540694140068
533,0.9060219659019,0.0009539618461,4,192,0.11256390313307445,0.029942822034393312
486,0.9363844410677,0.0124327067397,4,346,0.09711563885211945,0.0742335707996478
100,0.9340993053506,0.0127057116025,4,325,0.011001555124918619,0.37391166080031846
94,0.8113138691619,0.0127536908456,4,305,0.06855776409308116,0.2519850034938485
401,0.0504842367566,0.0266930987113,4,662,0.0,0.5394084471087592
186,0.0141785546902,0.0001436290729,1,128,0.16233755747477213,0.013308425691360126
97,0.8022559155139,0.0128889786742,4,315,0.0949633280436198,0.16509396613454885
102,0.8113960811927,0.0126427698078,4,330,0.07799842258294423,0.12952940132960947
686,0.0110709149146,0.0633590016323,5,64,0.12944476654132203,0.02578460153902402
967,0.3677995876713,0.0076952058991,1,203,0.16173870960871378,0.014972925378752633
952,0.3804786233912,0.0057343089165,1,106,0.16249014139175416,0.01434857574295656
642,0.3841164153299,0.0079582193728,5,159,0.1470535561442375,0.017676709768281042
962,0.2327448202868,0.0133285635817,1,301,0.16274684766928355,0.014140459197691246
747,0.4447384351425,0.011869239624,1,159,0.15828371544679007,0.016843594575124233
992,0.364254405429,0.000815417683,4,160,0.16195506205161414,0.013725307793986263
935,0.6305440538763,0.0840168294161,4,404,0.0,0.5493876570879693
713,0.5005557404078,0.0064234005258,1,119,0.15992353757222494,0.014556908625587072
88,0.9439771217164,0.0001097948513,5,64,0.0108662486076355,0.38075787305756087
326,0.4229433740754,0.0093734861466,1,213,0.14616156021753948,0.014556908625587095
89,0.9433703103803,0.0002085071681,5,65,0.011128291487693788,0.29281608511577295
89,0.9394584579925,0.0003324895109,1,64,0.018784923354784645,0.11769012268491977
639,0.0733155705723,0.0014120333623,2,88,0.16231808910767237,0.01310095815819019
967,0.8950627549439,0.0004496584392,4,152,0.10379755993684132,0.0546892205581071
407,0.9796723177477,0.0001099486134,1,452,0.008508910735448202,0.34952697835111995
89,0.9393209272546,0.0003255775425,1,64,0.02085553010304769,0.11811133153484872
178,0.9518447040295,0.000127219401,5,906,0.015481338898340863,0.16653585467321158
589,0.3165091566002,0.0054967143116,5,354,0.1489437500635783,0.014765241508217564
165,0.9518535110168,0.0001279014492,5,906,0.019132192929585776,0.27161026390995174
105,0.9465024126504,0.000108180998,5,91,0.01469250520070394,0.2237107915567853
156,0.952504042904,0.0001206052828,4,65,0.015443097551663718,0.22517106877148496
194,0.4643377640816,0.00183296419,2,529,0.15936421751976013,0.01829954504252109
156,0.9523054742138,0.0001131205757,4,65,0.017580883701642354,0.16554156814302495
117,0.9465090369614,0.0001087933707,4,65,0.02251708209514618,0.12371468562935786
176,0.9535574774365,0.0003946093653,2,69,0.024303765098253886,0.07881732689224885
98,0.9419359761077,0.0001039815213,3,64,0.01757857104142507,0.15470155178792014
164,0.9515626993913,0.0003961887055,1,774,0.023543107509613036,0.13889075179397764
183,0.9522606365747,0.0003945128225,2,74,0.011590210596720376,0.29612777750134667
96,0.9508596271261,0.000470252554,1,65,0.004651134212811788,0.44790899119723254
98,0.9483603651428,0.0005318474204,1,65,0.008381913105646769,0.4098578447173661
94,0.9415345770087,0.0001039357691,3,64,0.022817907730738322,0.05676389588980639
119,0.9518447040295,0.0001240468266,5,800,0.0037419726451238,0.4506123429120308
178,0.9518954313821,0.0001245081311,5,906,0.025507064660390218,0.10043418909183736
178,0.9521288779618,0.0001243918333,5,906,0.019119306405385332,0.09979967159987971
117,0.9494788994325,0.0001081093357,5,70,0.009906254212061563,0.3680551919885947
801,0.7817127611608,0.0059075958112,4,83,0.12807930360237757,0.028903537332257413
178,0.9518274068689,0.0001245897971,5,906,0.01695022682348887,0.049493446059523064
178,0.9518447040295,0.0001242390596,4,906,0.02148350179195404,0.16258466903628194
113,0.9449242463257,0.0001264102507,5,85,0.020136616627375283,0.0634415813396042
115,0.9500511775682,0.0001083569648,5,70,0.0057894905408223465,0.3861632784629663
155,0.9538578012825,0.0001224349392,4,64,0.015474181373914084,0.25185909514733656
98,0.9538960469173,0.0001225290925,3,64,0.0005098809798558554,0.4506123429120308
104,0.9475357383622,0.0001082310035,2,461,0.01304958462715149,0.28010388520274054
109,0.9461209272204,0.0001010261717,1,67,0.011427451173464458,0.2921229401978621
931,0.9731265712534,0.0005413549962,5,228,0.0018215298652648928,0.43751462981431766
87,0.9427203231347,0.052083705085,1,64,0.012745274106661477,0.4501965424962303
87,0.9438173521792,0.0003758691546,2,67,0.01308749516805013,0.30858967508291135
105,0.943254211436,0.000108180998,1,77,0.02226319710413615,0.10105745704080771
347,0.7540138047054,0.0001610831268,3,192,0.13185835331678392,0.027033517147981235
178,0.9518274068689,0.0001248417238,5,906,0.018059197068214416,0.12786706501586834
178,0.9513181469726,0.0001249267454,5,906,0.02312810570001602,0.037014457826112346
178,0.9517483650529,0.0001230973703,5,906,0.030102818210919695,0.0534370598886728
113,0.9449242463257,0.0001079568167,5,89,0.018268555402755737,0.11997615962236148
111,0.9407945553514,0.0004030164747,1,64,0.03217139144738516,0.045540097048942
100,0.940464770933,0.000399509854,1,64,0.029576303561528523,0.05925934739670431
747,0.8557867386606,0.0031099483433,4,74,0.12379463016986847,0.028489034940647827
88,0.9409491940527,0.0001084386698,5,64,0.021337025364240005,0.061763236060842705
89,0.9392979085615,0.0001712182416,5,64,0.02449158430099487,0.039091296531462996
70,0.9393209272546,0.0001064064076,5,64,0.016203325986862183,0.18387637617606398
73,0.9393357351132,0.0001062962864,5,64,0.014345893263816833,0.15865468446113606
75,0.939337899972,0.0001076095127,5,64,0.016148089369138082,0.23125101408139911
72,0.9394584579925,0.000105731564,5,64,0.015652339657147726,0.26973916203884984
73,0.939646543785,0.0001059029085,5,64,0.018995344638824463,0.07382015009486394
71,0.9398836051409,0.0001077053948,5,64,0.012793248891830441,0.24541483771452555
89,0.9403093971455,0.0001095589318,4,64,0.02361909846464793,0.04283977405725585
91,0.9414415311116,0.000108799636,4,64,0.020388688643773394,0.05406378923548538
95,0.9396229367788,0.0001229382718,5,64,0.030133125185966492,0.030987947845387987
89,0.9394584579925,0.0001263749221,5,64,0.02420997420946757,0.05094377175542628
168,0.950431683912,0.0009755803724,5,74,0.024871334433555603,0.04221153034888727
990,0.4668360293085,0.0035139653266,5,257,0.16228862702846528,0.014556259613491673
187,0.9505224439179,0.0009968766557,1,75,0.03558841248353323,0.0501119545864603
429,0.8734289947486,0.0033146019617,3,125,0.1209453855951627,0.030776153564915275
178,0.9518447040295,0.0001239313586,5,852,0.017094852526982625,0.17277394259704354
344,0.1356592291087,0.0476860606025,5,885,0.0,0.49200719970751194
89,0.9414178175643,0.0002079536091,4,64,0.01899755597114563,0.11415841519899791
88,0.94052305245,0.0002074723135,4,64,0.025754730900128687,0.03784411162142691
88,0.9417021211249,0.0001971156963,4,64,0.02231792211532593,0.06261257655638508
89,0.9402801826658,0.0001082136353,3,64,0.020690276225407915,0.06320793698525226
89,0.9393509707446,0.0001081916959,3,64,0.023720000187555948,0.05530816175977467
90,0.9407805077486,0.0001088013231,3,64,0.024717546502749127,0.04221044866206156
178,0.9518447040295,0.0001234284311,5,906,0.03526533097028732,0.12994498540804472
89,0.9419831114087,0.0001085927796,5,64,0.016324259837468467,0.13223015699602586
115,0.9464306407834,0.0001251223933,5,99,0.01829502880573273,0.14083151429665478
91,0.9412709832525,0.0001085536712,4,65,0.02152438759803772,0.04553815001265573
90,0.9407805077486,0.000108704885,5,65,0.02592376172542572,0.05302169214760266
89,0.9393509707446,0.0001085026448,4,65,0.023942187428474423,0.07817848265298839
89,0.9416087772875,0.0001087410514,5,184,0.017551799615224205,0.21111087073626095
89,0.9400266610722,0.0001098052472,4,65,0.019164355595906575,0.16384678122451274
156,0.952504042904,0.0001206052828,5,73,0.019789667924245198,0.12516414597580047
89,0.9401701110547,0.0001082136353,5,64,0.019768717885017394,0.04262451837894086
89,0.9403548519154,0.0001053917108,5,64,0.02077202101548513,0.12495451506897914
91,0.9454765002111,0.0001723649746,4,66,0.006966753800710043,0.4506123429120308
91,0.9412709832525,0.000171085348,5,66,0.022274677952130638,0.06861355872802284
366,0.361678269779,0.0314752702973,2,152,0.14874973744153977,0.01788287927726011
94,0.9433146433272,0.0001303858867,3,85,0.016562122106552123,0.17630565008296536
94,0.9432928974758,0.0001622511877,3,106,0.015067680676778158,0.2534980670256425
99,0.3297457471053,0.0019721230791,3,182,0.14782108316818873,0.01476394348402672
178,0.9518447040295,0.0001239595276,5,892,0.020256383220354716,0.061978491739157704
89,0.9401701110547,0.0001082136353,5,69,0.0209906280040741,0.0426279797767831
88,0.940202252165,0.0001082481128,5,70,0.02287657161553701,0.043667048141553866
91,0.9414415311116,0.0001081633231,4,70,0.021057992180188497,0.06715912262218193
121,0.9455536401291,0.0001029933049,3,64,0.024302190542221068,0.06778563563162938
84,0.9540392888045,0.0001118930844,5,70,5.9123833974202464e-05,0.4506123429120308
135,0.9445915195558,0.0001946765176,5,309,0.02456366221110026,0.05364474375920787
178,0.9518274068689,0.0001245897971,5,910,0.028017006814479828,0.033688919849169593
752,0.4078879235485,0.0017339679492,2,671,0.16113125234842302,0.014972492704022344
119,0.9478747429302,0.0001099612764,5,233,0.01791522701581319,0.13348253400282536
679,0.6828857383883,0.055688275484,3,110,0.11802301605542502,0.03430980808712338
118,0.9478130650688,0.0001100916057,5,217,0.021163555979728698,0.09563928773085902
117,0.9481833024756,0.0001099251267,5,216,0.01391567389170329,0.21477346232809294
129,0.9486983133787,0.0001243918333,5,273,0.017466560999552412,0.13356366051475313
426,0.9312564513435,0.0012811864656,5,85,0.08418931166330973,0.04158674803836093
52,0.9567834616572,0.0001015062944,1,67,0.002038603027661641,0.44853334083302865
357,0.9322641502773,0.0226711319879,3,84,0.08625684380531311,0.15345133815477208
51,0.9574616456536,0.0001015491717,1,64,0.0014867166678110757,0.4325248084873475
33,0.9565753844618,0.000100420038,1,66,0.0012427637974421184,0.44957284187252966
38,0.9570224355663,0.0001006008817,1,68,0.0018166005611419678,0.4489489249114639
57,0.9576308180069,0.0069923667577,5,67,2.3444493611653642e-07,0.4506123429120308
63,0.8266681018225,0.0013322183905,4,82,0.14230976402759554,0.02037897979625347
42,0.9558161311252,0.0021713100793,4,68,2.345442771911621e-06,0.4506123429120308
910,0.0023786607398,0.0100147708,5,246,0.14759286592404047,0.013932775327156154
88,0.940202252165,0.000209845314,5,71,0.020235035816828405,0.03930655220977801
89,0.9394584579925,0.0002385080978,5,64,0.02285062770048777,0.03223037333339103
81,0.9401415990215,0.0002111614793,5,66,0.01978698174158732,0.10956838532280784
81,0.940142418844,0.0001082012294,5,163,0.0201035608847936,0.0679887764174965
191,0.7220231397488,0.0723386883596,2,114,0.07341879506905874,0.2548975534407376
172,0.9509723300599,0.0001208013893,5,695,0.0239017645517985,0.03826315709770445
76,0.9393209272546,0.0001095589318,4,64,0.02103092471758524,0.048239554691167565
113,0.944436555388,0.0002323205243,4,77,0.024825012683868407,0.11788460997618126
88,0.9402734276999,0.0001394820807,3,65,0.02396620512008667,0.06320707163579173
124,0.9455272209885,0.000265774864,4,76,0.02367108960946401,0.054897553440737615
454,0.3231078033793,0.0002076452964,3,67,0.16265027771393453,0.014140675535056357
56,0.9403632354673,0.0001711963406,4,89,0.0007569938898086548,0.4506123429120308
81,0.9390331481729,0.0001104200435,4,64,0.020543723305066423,0.07735575165335828
89,0.9401701110547,0.0001506747479,3,64,0.02002068261305491,0.06383661336835116
865,0.4600345698552,0.0002246875094,3,190,0.16128473480542502,0.013932558989791021
125,0.9484648103932,0.0001245897971,5,875,0.01412324607372284,0.2781786989903535
131,0.9512505668383,0.0001248417238,5,882,0.00651955505212148,0.4163088086084964
119,0.9489982026011,0.0001249385167,5,190,0.012999863425890604,0.31103147492325434
796,0.8682417099667,0.0001609050653,3,818,0.13085067172845205,0.028904619019083123
90,0.9449311568758,0.0001242390596,5,92,0.009102105100949606,0.4506123429120308
89,0.9424048888435,0.0002449208771,4,64,0.015934012333552044,0.13368762182497873
73,0.9423567644202,0.0003315814252,3,64,0.006077141563097636,0.42919862149830934
450,0.9499441016246,0.0001241012099,3,143,0.08267909834782283,0.04741098258267873
169,0.9518274068689,0.0001245897971,5,894,0.011056863268216451,0.20084458107350925
75,0.9403546812678,0.0001082136353,5,64,0.0154084453980128,0.18379373530258022
89,0.9406991926068,0.0001082051921,5,78,0.02084660132726034,0.1364076315168927
89,0.9402801826658,0.0001082136353,5,80,0.021697194377581278,0.12308752360781497
89,0.9401665007339,0.0001082136353,5,77,0.022316769758860273,0.039094541591940105
963,0.2064799602378,0.0001072630616,3,489,0.16280599584182104,0.013724442444525687
223,0.6668413262843,0.0004409639646,2,679,0.15059185922145846,0.020171295925718404
90,0.940161983073,0.0001081633231,4,76,0.023865915338198342,0.041174625357767926
178,0.9517943931208,0.0001245897971,5,906,0.018731733163197838,0.11580777127083057
117,0.945779101885,0.0001082047395,4,139,0.024523162841796873,0.04075449819466468
862,0.0715730811781,0.0014352167245,1,109,0.16234755019346875,0.013517840260816306
178,0.9518447040295,0.000124673715,5,892,0.0168533593416214,0.03784605865771316
84,0.9401701110547,0.0001117026972,3,64,0.01768381893634796,0.17776852334604676
