batch_size,lambda_value,learning_rate,number_of_layers,number_of_neurons_per_layer,equalized_odds,1 - accuracy
297,0.6205646954477,0.000210147218,2,697,0.02521394606792566,0.013933208001886466
979,0.3596079321578,0.0535361448362,4,65,0.030616918332649002,0.021625732031559285
652,0.7642785040662,0.0014379647071,3,136,0.027083663940429686,0.01497292537875261
94,0.005704017356,0.0050831004951,3,339,0.02841058944210862,0.01580495888508373
241,0.9708397453651,0.0329667406801,4,407,0.0,0.5493876570879693
59,0.9865356934786,0.0203319782081,4,652,0.0,0.5275354198351077
43,0.9845906822063,0.0157271681215,2,631,0.015784593820571898,0.3226745355777614
38,0.9741379157797,0.0297921932158,3,510,0.0,0.5000925923922803
147,0.9571952441973,0.0338521150616,1,693,0.06949176250082074,0.13722538675712453
48,0.945966258002,0.0206878756182,3,500,0.0,0.5493876570879693
72,0.9723181835587,0.0150071003967,4,503,0.014741985590168923,0.3367057444060566
44,0.9478691272383,0.0337165447362,5,767,0.0,0.49011338241307023
39,0.9882597199872,0.0227722945482,5,76,0.017626197238763176,0.33930157645037984
319,0.5359744191457,0.000217707524,3,598,0.024868425618518483,0.01351740758608604
345,0.5826163022689,0.0001635713358,5,618,0.026742169495784878,0.015181474598748256
548,0.3368706272982,0.0005127997867,5,581,0.026991856152361087,0.01476502517085243
326,0.6076989066142,0.0002491581259,3,573,0.023691737859538108,0.01206102444395889
297,0.6367095689723,0.0001830780845,3,620,0.024381799616596915,0.014349008417686892
300,0.5349891279994,0.0002745882833,2,590,0.02573202787926703,0.013933208001886466
277,0.0788153739624,0.0011246047718,1,788,0.02488949216676481,0.013725524131351374
895,0.7897473442105,0.011623077444,1,411,0.027916912526795363,0.014556259613491673
597,0.4199483890762,0.0062957704128,3,1002,0.0,0.4506123429120308
316,0.9065899090176,0.0001748289792,3,92,0.027357632851961883,0.015180609249287703
313,0.9472237578772,0.0001947932761,3,252,0.026320717352809324,0.013725524131351374
305,0.8156969941323,0.0001843371775,4,76,0.028517199583125836,0.01601242641825369
302,0.8332603784296,0.0001815034925,1,197,0.02501198999809496,0.01226935732658938
319,0.7898718877615,0.0001963265148,2,383,0.025871516511295777,0.01372574046871653
316,0.7843389790967,0.0001925609134,2,95,0.025032249065962704,0.013100741820825079
315,0.9603904540005,0.0001868971482,1,65,0.03945361959211754,0.018925192702507986
497,0.4323787825414,0.0004186695981,1,866,0.02398323539531592,0.012061457118689157
38,0.9876292957083,0.0161447114152,5,229,0.05342111023086491,0.2657096622757393
242,0.5897873412338,0.0912677296139,2,140,0.0,0.48244379014410227
32,0.9872405350599,0.0163404727678,2,67,0.05761101202531295,0.037841082898314934
36,0.9920186326957,0.0155105294158,4,301,0.06597284414551474,0.16466540181420514
361,0.9874219460136,0.0158527989423,2,238,0.027900765646587722,0.01850657990096074
656,0.9880720118474,0.0162962922626,5,228,0.028797517662698575,0.01622075930088416
34,0.9868210913869,0.0002184196692,3,97,0.02695541568777778,0.012893274287655122
492,0.6114448594069,0.0002708032798,3,969,0.024331444673465957,0.012269573663954514
498,0.6127584039334,0.0002399747413,3,958,0.026108079633929516,0.013725524131351374
203,0.836270266563,0.0026409543209,5,612,0.02808758490916454,0.015596193327722973
326,0.6101315268155,0.0003518213358,3,934,0.025740034670540778,0.01393299166452131
330,0.5293806834658,0.0002957537569,3,987,0.024487877894531596,0.013100958158190212
488,0.3440591088679,0.0002731403232,3,913,0.02595937184312127,0.0149733580534829
336,0.6131766094897,0.0002950569524,3,944,0.026115959376999825,0.01372509145662113
329,0.241511203219,0.0002383518095,3,986,0.026782293915748594,0.013725524131351374
326,0.6021566796185,0.0002630453976,3,436,0.025215628499334508,0.013308642028725259
326,0.602798795851,0.0002659117972,2,449,0.02439903671994354,0.01206167345605429
321,0.5982461752387,0.0002604387201,2,473,0.026662473687619877,0.014765241508217564
539,0.4096195582972,0.0014614146338,2,269,0.02677984756050688,0.014348575742956582
48,0.6039610304287,0.0002538045863,2,445,0.02824628554510348,0.014556475950856785
51,0.6023496569873,0.0002535269537,2,444,0.024550644412185206,0.014141540884516935
52,0.6042728253103,0.0002446503984,2,461,0.02425610414057067,0.014141757221882068
582,0.0387496336331,0.0003356147463,1,83,0.026233286360899603,0.014764808833487297
326,0.6128877038087,0.0002455711791,3,577,0.02676597116571484,0.014141540884516935
326,0.6141508428398,0.0002473353301,3,573,0.02756602453463005,0.013932775327156154
502,0.9902989652233,0.0002492493944,3,458,0.0267689323425293,0.014349008417686871
500,0.9989360919006,0.0002477818752,3,459,0.04382688946796186,0.04720329871214366
497,0.992319014782,0.0002462940994,3,462,0.026657679920846767,0.012685157742389786
526,0.1558490208903,0.0010597119829,3,71,0.02956781759406581,0.015597058677183528
503,0.9999678989952,0.0002486454346,3,459,0.002685988780223962,0.4052563489608235
900,0.4300912433377,0.0152683361273,5,574,0.0,0.4880343803340681
326,0.6109064294931,0.0002490946141,3,573,0.02475495221939954,0.013933208001886466
63,0.6065518971617,0.0002484585869,3,571,0.02435789209423643,0.012893274287655122
492,0.6114023334354,0.0002638203485,3,631,0.02559878850525076,0.01372574046871653
326,0.6112956278299,0.0002519198242,3,583,0.023927181489539866,0.012686023091850341
921,0.0402320288874,0.0695202977577,2,410,0.0,0.5175562098558977
217,0.6966025769503,0.0609459009151,5,409,0.0,0.49200719970751194
506,0.4595435600861,0.0003626796371,1,1024,0.024820824617689308,0.012685806754485229
435,0.6182493089424,0.0313142741224,3,206,0.02580875488844785,0.10416471061632351
193,0.4888227212062,0.0678987026873,5,198,0.0,0.4724645801648924
972,0.1229497997029,0.005926365032,2,1001,0.026782652753772156,0.01351697491135575
597,0.2131758294545,0.0169622249474,5,1006,0.0,0.4980135903132781
962,0.1658029844256,0.0009078367561,5,387,0.025233446088704196,0.013725307793986263
633,0.2061940673584,0.00696929213,2,1019,0.022847792217225736,0.10166709573577419
632,0.2859097380484,0.0213235547463,3,145,0.026725100242730344,0.016427794159323807
597,0.428176003662,0.0059090658063,3,1003,0.0,0.4506123429120308
597,0.3533321352388,0.0065802224439,5,1002,0.010651724609461698,0.27775900450198054
301,0.6021608734711,0.0031720839579,1,1017,0.02363808829676021,0.013101174495555345
351,0.5117247415583,0.003247075912,1,1024,0.025629530070406015,0.013309291040820704
52,0.6049064593744,0.0019719184995,2,1019,0.025554587272080508,0.01559770768927895
917,0.2528729324812,0.0002112474838,2,84,0.02606787074695934,0.014347710393496027
54,0.6075853814178,0.002841618537,2,1021,0.03093360214522391,0.015804526210353442
869,0.3577941791914,0.0001144897283,1,85,0.05462966519774813,0.02745083192533764
564,0.6602978080394,0.0031688608624,1,1020,0.024369354844093322,0.014765890520313008
603,0.7481965207707,0.050363997522,2,431,0.0,0.4506123429120308
624,0.5509525664361,0.0054877428374,3,1019,0.00576137363910675,0.38429217659186443
642,0.8587176718094,0.0055497817681,2,1012,0.029477200471993655,0.01705171112038959
959,0.0099039525899,0.0001330037572,5,856,0.02719754297624935,0.01538829311982275
630,0.0228213977731,0.0002793231621,1,1009,0.023997755249341328,0.012269140989224225
649,0.1707463726016,0.0056458474705,2,1006,0.027100780226967554,0.014140459197691246
237,0.8462649187724,0.005518701086,1,1015,0.026842234857154618,0.014141973559247224
527,0.6552544628479,0.0057825356597,3,1020,0.0,0.4506123429120308
501,0.4344636044526,0.0343406853747,4,551,0.0,0.5493876570879693
44,0.3566236711344,0.0067529592195,5,492,0.026732990958473903,0.39572668802637584
43,0.3686216373622,0.0067449252759,5,493,0.027253055572509767,0.39260818490787275
44,0.3493114553016,0.0066749654921,5,491,1.0837208140980113e-09,0.5194500271503393
43,0.3791060798407,0.0067603009843,5,502,0.06278096377849579,0.2533377610380732
355,0.9137569290511,0.034912055568,1,196,0.030388517163016583,0.017677142443011308
147,0.3865763069707,0.0067987152155,5,494,0.038982349137465164,0.018922380316761144
167,0.3785705934336,0.0069057546154,5,485,0.03032379312948747,0.022458414549985806
103,0.2833626254686,0.0005003261748,1,490,0.02679962256641099,0.013933208001886466
607,0.5480335333527,0.0051924762123,3,1019,0.013725394507249194,0.273897166196854
441,0.1020683828299,0.0037946946911,5,771,0.028313621363856577,0.015597058677183528
597,0.5425043892191,0.0054099476439,3,1003,0.0076946854591369625,0.3665332586248299
105,0.5175676044407,0.0804624104669,2,720,0.0,0.5019864096867218
597,0.6019905879466,0.0051173641719,3,1002,0.01576550268765652,0.19260818490787274
599,0.7378653877633,0.0001118273841,3,1009,0.024744671348369485,0.012685374079754919
503,0.9999678989952,0.0001890191982,3,304,0.0019139489802447237,0.44188075051758713
625,0.744845059233,0.0050364998585,3,331,0.027161791857444877,0.013932775327156154
620,0.9997816739345,0.0054875063403,4,1022,0.009792286157608032,0.4202816279819402
624,0.9089974075024,0.0054877428374,3,1019,0.007192069788773854,0.4063295986292864
517,0.9998595001898,0.0008416876495,2,480,0.021357689301172895,0.4638621411774377
153,0.9999678989952,0.0002843950912,4,459,0.007660936333916404,0.44449691827423365
616,0.8850881441357,0.0067659174976,3,1021,0.0,0.4506123429120308
35,0.9999341970619,0.0018048858052,2,104,0.017715319467313362,0.39585108201133173
638,0.9998559891816,0.0563238879927,2,458,0.0,0.5175562098558977
619,0.9994484044147,0.0449677811389,3,507,0.0,0.5394084471087592
292,0.6045918780202,0.0036690984118,1,1017,0.025935889374126088,0.01372465878189082
295,0.604941826166,0.000142789505,1,550,0.024928435601971367,0.012269140989224225
297,0.6058259428431,0.000140440323,1,577,0.025261673168702557,0.012893490625020276
335,0.6060189603981,0.0009552182231,1,568,0.027398174450253,0.014140891872421513
326,0.6076989066142,0.0002491581259,1,573,0.024517199351932063,0.013516758573990617
462,0.6045841215745,0.0010258917807,1,301,0.025210546255111693,0.013309291040820681
453,0.6051496783371,0.0008119998173,1,299,0.025535726646582286,0.013725091456621107
57,0.6065518971617,0.0001255469102,4,571,0.025074687636259828,0.012893706962385409
504,0.3567761805208,0.0051708197278,5,1002,0.0,0.4506123429120308
513,0.3529771855207,0.0052362826343,5,1002,0.008344171805815263,0.3616310539307418
607,0.3577420478476,0.0053951490291,5,1019,0.019000557579777456,0.19480963393554446
624,0.5355152847073,0.0050614945292,5,1019,0.010919557376341387,0.27368926598895377
598,0.9983674675002,0.0049836233179,5,1022,0.0253646981716156,0.23306327218918269
516,0.5144613555736,0.0050604117851,5,1003,0.0045918459242040455,0.3907370830367708
725,0.5275737085407,0.0962149393336,3,78,0.009270671606063843,0.4033387345562163
525,0.8943198857425,0.0055493566635,5,1019,0.020743873498656536,0.3195454319283664
80,0.8485675565581,0.0053998002752,2,173,0.026240276847824907,0.013933208001886466
41,0.6451733983331,0.0053887645387,2,175,0.027846219729293475,0.017053441819310698
65,0.6130877191194,0.0053696705909,2,141,0.029360789539236008,0.01518104192401799
576,0.6267043685966,0.0053746262333,2,127,0.02696845112424908,0.013517191248720906
313,0.4943773457039,0.0025848473367,3,885,0.029472831623120737,0.014764592496122142
47,0.6250145646064,0.0053982015228,2,174,0.02758853467124881,0.014141108209786668
380,0.6534199606172,0.0054005317607,2,127,0.02779837248000232,0.01621967761405847
36,0.7041802796722,0.005386042053,2,329,0.027721351854728925,0.014764592496122142
525,0.4255401180897,0.005757437572,2,1003,0.02672016213337581,0.0149727090413875
507,0.4199483890762,0.0058056411151,3,1002,0.0,0.4506123429120308
504,0.393189592006,0.0066618919533,4,1002,0.005798502763112386,0.36703645933614715
563,0.8579566315554,0.0440232297819,5,291,0.0,0.5000925923922803
574,0.9289028802077,0.0512895232977,5,281,0.0,0.48013417243386025
582,0.8476475406218,0.0401273311265,5,280,0.0,0.5493876570879693
627,0.8679889422363,0.0469875543718,5,389,0.0,0.5298450375453497
566,0.6144216525212,0.0397224389331,5,280,0.0,0.5394084471087592
676,0.1649023923527,0.0481631337852,2,1023,0.0,0.4999074076077198
633,0.1475063752017,0.0442396055292,2,1019,0.0,0.5098866175869297
793,0.2500518198771,0.0072989042556,4,564,0.026632253148339013,0.014972492704022344
35,0.191255293284,0.0328898879098,2,1023,0.0,0.49200719970751194
40,0.1087844909688,0.0325617953399,1,1020,0.07021032739769328,0.14949085001114135
47,0.1623322367017,0.0069758051665,2,1023,0.054981851072022414,0.028693041075975523
915,0.2951589262888,0.0066119680367,4,325,0.029589552301349065,0.01476502517085243
679,0.1493496445545,0.0480626778112,2,1017,0.0,0.4506123429120308
976,0.3603359633198,0.0163222644592,1,278,0.02948943914789142,0.015180609249287724
301,0.591671358326,0.0032197453054,1,1017,0.02598697998306968,0.013933424339251599
454,0.1246000775699,0.0038598459083,4,160,0.02555365655458335,0.013517191248720884
61,0.5472870259284,0.003087559567,1,849,0.028743462156165734,0.015804526210353463
56,0.5863283311902,0.0030145312806,1,857,0.02706226779655977,0.014349441092417137
510,0.5877493926042,0.0031832912867,1,1020,0.026432418579405002,0.014765890520313008
67,0.6081941615205,0.0002512983135,3,573,0.02499023311065905,0.013101174495555323
498,0.6579712863223,0.00944846031,4,146,0.03300507512959567,0.018506363563595606
597,0.5679529736072,0.0051173641719,3,956,0.035728340781096254,0.19688668897826023
594,0.3588003152958,0.0051239245932,5,242,0.02647115727265676,0.01414067553505638
609,0.3645118859417,0.0051491234147,5,93,0.025996007214892997,0.01455777397504765
598,0.3685491639706,0.0051637530734,5,89,0.02916913271853418,0.0149727090413875
601,0.3622237571596,0.0051640812806,5,89,0.029968162540233496,0.015180609249287724
805,0.3644461345095,0.0051356451184,5,165,0.029303501456072835,0.014973574390848055
188,0.2461939552216,0.0409216311654,2,474,0.0,0.4506123429120308
631,0.0833483683319,0.0051233823053,5,140,0.025893822673595312,0.01434965742978227
608,0.6036385725514,0.0002521029962,2,1024,0.02433008855039423,0.013101174495555323
805,0.3334198233134,0.0012575315579,3,213,0.02619217167297999,0.01393299166452131
326,0.6016017100829,0.0003337454059,1,583,0.02552605110587496,0.013517191248720884
364,0.2034449398154,0.0042526599584,2,495,0.026886926564303314,0.012685590417120075
733,0.1597686694848,0.031534156064,2,249,0.033012822279424384,0.019339046082022148
296,0.3073615378608,0.0006343167147,1,541,0.023526903354760372,0.013101823507650745
322,0.4642718668172,0.0002521233061,4,548,0.02768318393013694,0.014349008417686849
629,0.1373185771916,0.0002717273957,1,1024,0.02510093232899001,0.013309291040820681
633,0.2341552014505,0.0089711442745,4,1019,0.0,0.5119656196659318
649,0.9572108698052,0.0078843916538,4,1023,0.0,0.5275354198351077
637,0.5989615768067,0.0062758341587,5,633,0.047478349804878237,0.015597275014548684
621,0.2078800181557,0.0984325826781,3,277,0.0,0.5493876570879693
803,0.6304196192746,0.0013917449989,3,500,0.02744934658209483,0.015181474598748256
634,0.4767419014199,0.0104071572261,4,607,0.0,0.4506123429120308
636,0.4780397973436,0.0061270561504,5,597,0.026787810316591547,0.016015022466635352
632,0.5652675311744,0.0063017272414,4,619,0.035438760753833884,0.017260260340385192
293,0.2474899500334,0.0006557240611,1,901,0.023516745079647412,0.012685374079754941
296,0.2045420224176,0.0007307422707,1,824,0.02522942856405721,0.012893274287655122
296,0.1791523437893,0.0007233396926,4,462,0.024531419918392645,0.013932991664521287
296,0.2500784995119,0.0007039475824,4,471,0.0274193036646554,0.014140891872421513
296,0.2648956013008,0.0006637957096,4,150,0.02658721445184765,0.013933424339251599
68,0.1020515454664,0.0006588290375,2,852,0.02571404471541896,0.012270006338684802
55,0.0377342232538,0.0007060454557,1,912,0.025489096822160662,0.013100958158190212
72,0.1366065068592,0.0006766209709,1,886,0.025824767495646623,0.013309291040820681
222,0.3646827688118,0.0162151725013,4,81,0.05731561203797658,0.05031704240861368
556,0.6013410118621,0.0050810476447,3,1002,0.021068689163887138,0.10104382778680385
567,0.6005204604625,0.0051165797238,3,972,0.01651567102381677,0.19376732051029658
564,0.8689679283274,0.0051105502428,3,983,0.02248780341762485,0.10187499594367441
567,0.8775981726425,0.0051093891509,3,999,0.014834513853896747,0.19168810209392936
728,0.5995910486747,0.0051084579266,4,353,0.027450393718300443,0.014141108209786691
1022,0.2594121754683,0.0925450324862,3,1007,0.0,0.5493876570879693
413,0.8734219129633,0.005080125326,3,992,0.012963497747074473,0.32277643047674265
838,0.1717503564595,0.0044240145489,4,886,0.026871160304907597,0.013309074703455548
840,0.1875213661046,0.0044135995652,4,906,0.025674211635734096,0.014973141716117789
835,0.859781401951,0.0050554092752,2,92,0.029104945813164567,0.01538829311982277
912,0.6501855402958,0.0001602316999,1,182,0.0319072670286352,0.014764808833487297
642,0.3218750954514,0.0083602316064,5,264,0.02695170944387263,0.014349224755052004
221,0.5098011891873,0.018540436892,1,105,0.028452373697902218,0.015804742547718596
816,0.6786837187,0.0044605201225,4,700,0.029997533343055032,0.015180609249287703
832,0.4517289147214,0.0044353469377,4,534,0.026746023550178067,0.013724009769795398
51,0.3125507087771,0.0005791691351,1,531,0.023623920028859918,0.013101390832920478
51,0.3135148455377,0.0005873794285,1,556,0.023878360652562342,0.013101607170285611
71,0.3126579007232,0.0005898517393,1,517,0.025954591902819547,0.013517623923451173
108,0.2558629127546,0.0006416390719,1,901,0.024821429388089615,0.013725524131351374
162,0.6434098405952,0.0031720839579,1,1017,0.027051230054913146,0.01642865950878438
134,0.3116641523754,0.0006220056979,1,866,0.024852187850258563,0.01351740758608606
637,0.6218435051405,0.0392186381003,1,555,0.09650819832628424,0.04262906146360881
121,0.3215267864586,0.0006432767087,1,841,0.026771386410250803,0.014349008417686871
219,0.2249510356918,0.0046590153297,1,1002,0.025908222631974655,0.014349008417686871
301,0.6243478344853,0.0050495733669,1,948,0.026919717156525812,0.013518272935546615
300,0.6030652304929,0.0050936491146,4,898,0.02302845801367904,0.12121014795312401
51,0.2360696745262,0.0001209118852,1,765,0.024008075233661764,0.012061889793419423
52,0.6037161710652,0.0001199374798,2,461,0.026526896167885172,0.013517191248720906
219,0.2746217610973,0.0001207509489,3,772,0.02416329301667936,0.012269573663954514
384,0.8240768049048,0.0050635600374,3,377,0.028641898361119356,0.01601264275561882
437,0.7574403115985,0.0087990083065,3,97,0.027054597916025103,0.015387860445092483
293,0.2491588963506,0.0006557240611,1,577,0.02556321590235739,0.013101390832920456
296,0.1997005388321,0.0006570592634,1,541,0.024089589877562087,0.013310156390281236
50,0.2935636131032,0.0006272598863,1,531,0.02405500598929145,0.013309723715550947
294,0.2558405328839,0.0003658262093,1,523,0.025704482902180064,0.012893057950289988
38,0.2708501250326,0.0006726724172,1,541,0.026318967215942613,0.014140891872421513
261,0.0201432914558,0.0001015006108,1,577,0.025177175718726536,0.013309291040820704
51,0.3025477563378,0.0004607548337,1,556,0.025294416519728573,0.013100958158190212
42,0.3988514356068,0.0006605874905,1,553,0.02649819482456554,0.01393299166452131
372,0.6102425449114,0.0015763840694,3,506,0.027933706749569288,0.013517623923451173
49,0.3071489803757,0.0006447261916,3,531,0.02668757528066635,0.013932775327156154
264,0.3167457451784,0.0006343167147,2,541,0.026761359166015276,0.014972925378752633
285,0.3080480931827,0.0006444650911,1,531,0.026047677713813205,0.014349441092417158
51,0.4136507118523,0.0006460968672,1,531,0.026068142273209312,0.012061457118689157
51,0.534831224617,0.0006349881143,1,537,0.026131203788699525,0.013933424339251576
301,0.6010847906287,0.0046376406804,2,1017,0.02684911009940234,0.013517191248720884
48,0.3124086557605,0.0001788502357,2,531,0.0266788552385388,0.013932991664521333
738,0.2734047715982,0.0999967486933,4,91,0.055168533325195314,0.4179720102716981
296,0.3073700843392,0.0005786147088,1,541,0.025184727744622666,0.01330972371555097
816,0.1006982395772,0.0001623275114,1,419,0.025795850229985783,0.012893057950289988
296,0.3075363700619,0.0005695458725,1,541,0.02480597588148984,0.012685806754485208
51,0.310977753454,0.0005776604937,1,531,0.02541669516852408,0.013933424339251576
604,0.3118230670028,0.000567269724,1,758,0.024962990672299356,0.013101607170285634
102,0.1894695080254,0.0026068828701,4,101,0.026532165227514327,0.014557124962952205
547,0.4239860884209,0.0001356935227,2,149,0.027522154062083276,0.01559597699035784
51,0.2457384935909,0.0006489001692,1,901,0.024468445804986087,0.012685590417120052
297,0.245818857785,0.0005826199309,2,889,0.024914155132842786,0.01372509145662113
296,0.3124660942388,0.0005819693977,1,541,0.025958423930587192,0.013308858366090415
62,0.3125507087771,0.0005791691351,1,531,0.025550698990171605,0.013517191248720906
74,0.2455673068324,0.0001133686784,3,701,0.027779944647442212,0.01476502517085243
363,0.2913048958122,0.0115743270024,5,69,0.029784765649925576,0.014141108209786646
58,0.2472281402687,0.000578938935,1,530,0.024390663360104415,0.013101607170285657
52,0.2168236338733,0.0006551061985,1,917,0.02468763296351288,0.013101174495555345
567,0.9523165156402,0.0051190377395,2,999,0.02614190098011132,0.013726173143446796
568,0.9504932676393,0.0051173641719,1,1002,0.026870753467082974,0.01393299166452131
567,0.7665012455693,0.0051165797238,3,972,0.022278028229872383,0.1074878688822497
178,0.7361547279816,0.0002666736091,3,134,0.042893657828822276,0.015180392911922547
540,0.1126117643449,0.0042339443161,4,461,0.034738312291376514,0.018299977717251382
569,0.3559789092156,0.0053268052496,4,1019,0.013000929030505093,0.27452086682055465
57,0.6696719341526,0.005124111751,2,1024,0.03234989177096974,0.1255762686563935
514,0.9509671748731,0.0051105502428,1,983,0.0261244270566738,0.01414067553505638
69,0.9901381212328,0.0001212219283,1,1018,0.02551102680690361,0.21840381965251893
293,0.2472433713773,0.0006557240611,1,901,0.024068606098492942,0.012893923299750542
758,0.1773664279903,0.0002236086227,1,408,0.02408978516405279,0.011437756494988526
191,0.2874419732772,0.0006343167147,1,541,0.026820822430379466,0.013724875119255953
336,0.9938021349405,0.0005527415907,2,587,0.026738331028909396,0.012685590417120075
340,0.9931509280818,0.000542995355,1,593,0.04281452534776745,0.021422158570961903
483,0.9933108973475,0.0006328909403,1,553,0.040468788562398966,0.10728537710847803
325,0.9907717828179,0.0002496274801,2,523,0.02567110395792759,0.013101174495555345
293,0.2480355274002,0.0006557240611,1,564,0.024995354576544327,0.014141540884516935
369,0.2476968045048,0.0006576480182,1,197,0.026141652139750393,0.013308642028725259
50,0.3125507087771,0.0005791691351,1,531,0.022841284428582048,0.012893490625020276
293,0.2482002157677,0.0006571307508,1,551,0.02416916807492574,0.01414067553505638
283,0.3029395755536,0.0006317677768,1,541,0.023791006180373105,0.013309507378185837
296,0.3031162688105,0.0006267465383,1,541,0.025492678329800116,0.014141108209786691
285,0.2502810366779,0.000657989504,1,560,0.025783470164645807,0.014141324547151779
301,0.6010960501103,0.0031720839579,1,895,0.027391813216787398,0.014141324547151802
50,0.3414304317597,0.0005903370197,1,531,0.027650095603682777,0.014348792080321715
217,0.9365282264493,0.0050431783915,5,123,0.025771057027758976,0.012893490625020276
50,0.3690932701416,0.0005826652164,1,531,0.02420794095053817,0.013101174495555323
1011,0.4804118476289,0.0005972414841,4,587,0.02657905556035764,0.013933640676616755
50,0.3411494192842,0.0005228904744,1,556,0.02611177881558736,0.013933208001886466
50,0.4295014028353,0.0004033388906,1,265,0.02624129989833543,0.014140891872421513
50,0.8620038760274,0.0003494892052,1,995,0.025015925268332163,0.013101174495555345
50,0.4265558616003,0.000418688706,1,162,0.023781341747804125,0.01372530779398624
79,0.4196490252802,0.0100423699896,4,642,0.03624616037715565,0.3494884703001248
845,0.6033689301883,0.0002924781522,3,1023,0.02659718246170969,0.013725091456621107
801,0.833097150633,0.0862965434581,1,217,0.07227995661172,0.05135978850859182
50,0.2333935312561,0.0003757816812,1,743,0.024699043225158347,0.012685806754485229
283,0.4748377081957,0.0031240878238,5,1007,0.041347616098143844,0.020796943585705295
90,0.80285407825,0.0079014107354,4,97,0.03162024523272659,0.016429092183514647
50,0.2681374388423,0.0001218993942,1,94,0.02696324093775316,0.014556043276126519
206,0.3114354212867,0.0031949406207,3,1020,0.027120999350692288,0.014141108209786646
50,0.9355062561191,0.0005816097638,1,627,0.026138582157366204,0.01351740758608606
71,0.8575972987633,0.0001162879872,1,194,0.025448911424839137,0.013516974911355728
56,0.8947974042803,0.0001188401618,1,194,0.026814022976340668,0.013725740468716552
57,0.8919052587119,0.0001015070987,1,246,0.02624292384494435,0.012893274287655142
831,0.2298700683603,0.0004065521248,2,216,0.02401928217122049,0.01247725753448956
78,0.8407844002851,0.000104084359,1,275,0.025624509796951755,0.013308425691360126
63,0.8203441701788,0.0001038354672,1,246,0.027083386236971076,0.014349008417686871
991,0.3442851297942,0.0024950376286,1,165,0.025987017669460995,0.015180825586652857
390,0.3550744413344,0.0003296970016,2,965,0.024193284484473145,0.013309291040820704
50,0.3057497690517,0.0005791691351,1,531,0.024612653264493654,0.013933424339251599
780,0.2064525755689,0.0002593296815,2,548,0.0262560605190017,0.013101174495555323
50,0.3066119594468,0.0005815690662,1,533,0.025545982303041403,0.013517840260816306
905,0.8059902862067,0.0018633581119,1,416,0.026732732608462824,0.015180825586652836
437,0.7358982056678,0.0067680718763,3,82,0.025989196715932906,0.014349224755052004
659,0.6213471081522,0.0060203559486,5,718,0.027793601552645365,0.014764376158756986
50,0.3034584453595,0.0005831829115,1,531,0.025823713035294505,0.01393299166452131
50,0.3125507087771,0.0004362655077,1,225,0.027462966261488014,0.014557557637682494
50,0.3127150351366,0.0004689519707,1,231,0.026016586711912443,0.014141757221882068
50,0.3125507087771,0.0002566912942,1,221,0.026033077691540573,0.014140891872421513
300,0.3759701091085,0.0004621867525,1,139,0.025829110687429258,0.013725307793986263
296,0.3068568131326,0.0006343167147,1,541,0.025446810035994562,0.014349224755052004
175,0.6076753731543,0.000250108055,3,573,0.025919881779136077,0.012685374079754919
689,0.0432160668891,0.0020307452377,2,267,0.02713120398196307,0.014764592496122142
990,0.7090011210188,0.0076613295543,4,651,0.0,0.4701549624546503
79,0.6013410118621,0.0050810476447,3,1002,0.03153641819953919,0.2109261186264308
587,0.2028260915963,0.0163186202117,1,1024,0.05108993349653301,0.02849076563956896
183,0.5901861970592,0.0050758732818,2,899,0.026599196141416377,0.014973141716117789
865,0.3467545015844,0.0002472922986,2,138,0.02474641661752354,0.012893274287655122
232,0.6023080571157,0.0017690528345,4,1003,0.027628845563440613,0.013517191248720884
567,0.8752984507874,0.0051165797238,2,619,0.025185776488347484,0.014557557637682517
881,0.3728925751487,0.0003999906955,2,99,0.024319189299236647,0.012476824859759294
318,0.1845214447451,0.0196184144795,1,277,0.03331931813196702,0.016012859092983934
624,0.5595848260857,0.0055412848876,3,1019,0.010462607795541937,0.27775813915251996
581,0.0178358357788,0.0003477267856,3,103,0.026907636884487034,0.014140675535056357
55,0.4986016731778,0.0072313437379,3,1002,0.01726252635320028,0.4015478938475817
54,0.4797724949143,0.0066618919533,3,1002,0.0112033206856612,0.29780569010537794
223,0.3587963238787,0.0074421383861,3,1003,0.022769793190739372,0.19377143092023424
245,0.8372505714464,0.0087711406447,3,1019,0.0,0.4506123429120308
74,0.8742843249924,0.007550707547,3,1021,0.009511053562164307,0.4090550167553289
490,0.559123062524,0.0117237735667,3,997,0.0,0.4724645801648924
50,0.3125507087771,0.0005791691351,2,531,0.027764823102589813,0.01372465878189082
50,0.0852627285054,0.0308602695679,2,125,0.055602009747967585,0.029738599561700486
233,0.2765173050328,0.000120904143,1,868,0.024289835664359005,0.012893706962385409
52,0.9515193689156,0.0002946615193,2,163,0.02693638053807345,0.014349008417686892
61,0.2221494952807,0.0001208365843,1,753,0.02498339132829146,0.013932991664521333
546,0.0907877170775,0.0005459067941,5,86,0.025473515129450598,0.01310095815819019
51,0.2699449208889,0.0001205944719,1,901,0.02460024391159867,0.01393299166452131
66,0.2313192234269,0.0001000570153,1,747,0.025213129448168208,0.014557124962952205
50,0.3125507087771,0.0005749785162,1,531,0.025924820376164986,0.013933424339251599
49,0.3125907140878,0.0005684666272,1,529,0.025674971594954982,0.012686023091850341
49,0.3125507087771,0.0005722830774,1,531,0.025690661163041084,0.01393299166452131
948,0.1227161072199,0.0003706377685,2,814,0.026157177469947123,0.013933208001886466
49,0.3130114114954,0.0005741905905,1,541,0.02461183537136425,0.012685590417120075
77,0.8914179584302,0.0002527315158,2,1020,0.025540134825489735,0.013725307793986263
73,0.9236381365787,0.0002592764538,2,1020,0.025267195611289057,0.013725524131351396
57,0.8450587875529,0.0002572319759,2,1022,0.024424443326213144,0.013101174495555345
577,0.6044289244747,0.0051222940646,3,1002,0.011993800203005472,0.28087664227102305
381,0.2759440299071,0.005834854811,2,315,0.026967699202624228,0.014349441092417158
563,0.3292817443675,0.0053951490291,4,1019,0.011108978092670441,0.2793025716022594
567,0.448978019145,0.0051165797238,3,972,0.018177735751325436,0.18628248035115882
143,0.3048283869862,0.0001422244224,4,95,0.03150590023308089,0.01726004400302006
541,0.9545384511686,0.0051093891509,3,999,0.024385867462013707,0.12349705024002633
556,0.6045979441659,0.0050810476447,3,1002,0.021605603080807313,0.09988469218438001
574,0.6008704947592,0.0051135710831,3,128,0.026173642810546995,0.01393299166452131
567,0.8806793488831,0.0051093891509,3,994,0.019061833024024966,0.19418290458873183
597,0.6014485211128,0.0051173641719,3,1002,0.01836276446328019,0.19397478804346652
567,0.5857647802117,0.0051172570619,4,972,0.009840579926967621,0.28794546567699536
532,0.8824895001805,0.0051093891509,3,999,0.01783638130534779,0.18711581188168075
577,0.4146337643824,0.0051222940646,5,1002,0.017994544180956754,0.29179929949961164
567,0.5070968023089,0.0051165797238,5,972,0.02841833820848754,0.017676926105646196
528,0.8791810041611,0.0051131575079,3,983,0.022784328189763153,0.10187499594367441
232,0.5717357404952,0.0051225358406,5,932,0.03549728624748461,0.024123563249473734
40,0.5595554814638,0.006727709398,3,1002,0.005652987957000732,0.4126858067544852
40,0.5760511239101,0.0051850228835,3,987,0.05745643330342842,0.11581015098184715
624,0.5848487243107,0.005074933844,5,1019,0.016922466655572253,0.19750974058986542
392,0.8530809109696,0.0068378774336,2,936,0.02716948529987624,0.016012859092983955
251,0.562351397413,0.005123053051,5,1019,0.009306782754984769,0.29189535328973415
244,0.5658794382962,0.0067352205019,5,1019,0.015495072801907855,0.3139338570139819
505,0.5761499370597,0.0051273935888,4,972,0.009368118427016518,0.27556036786005567
254,0.5655658237307,0.0066618919533,5,1002,0.04074281851450602,0.4342109419112541
49,0.3128826644955,0.0005791691351,1,531,0.02477170486341823,0.01351740758608604
292,0.948345471087,0.0006311330833,1,547,0.025817255739009743,0.014349441092417158
301,0.3295173974639,0.0031720839579,2,1017,0.025719707120548597,0.014142189896612378
279,0.5863236249208,0.0003938944271,1,141,0.025752812596884646,0.013725307793986263
536,0.9483360824577,0.0002495406707,1,547,0.025900287005034363,0.01414067553505638
698,0.7361324294009,0.0004399751324,3,152,0.027284438736511003,0.013725307793986263
515,0.792881945615,0.028587274911,5,85,0.06793692727883657,0.022046724544123087
794,0.1706522273086,0.0004525635653,1,99,0.025544761780536534,0.01476394348402672
657,0.4360791272104,0.0003511187487,1,326,0.024881522465835918,0.01351675857399064
198,0.8056838422533,0.0002649201799,5,1013,0.02652946143439322,0.013516542236625462
222,0.7820994055566,0.0002533423001,5,1024,0.025952023367087046,0.01351740758608604
199,0.7208827914146,0.0002530682214,5,1022,0.02826512364727078,0.015181474598748256
968,0.7008721054119,0.0001381390307,1,107,0.05447623872395717,0.024955596755804853
569,0.7598601284451,0.0002716239157,5,1019,0.0244383512934049,0.013725524131351396
582,0.7092987082815,0.0002659148262,5,1010,0.026039539981972087,0.012269357326589358
197,0.5955913803643,0.0007115131954,5,1024,0.0250404546658198,0.013516542236625484
401,0.0504842367566,0.0266930987113,4,662,0.0,0.5493876570879693
186,0.0141785546902,0.0001436290729,1,128,0.02610827007980058,0.013517191248720906
500,0.9853693275265,0.0001564867769,1,812,0.02863593970284318,0.01414067553505638
326,0.607839363303,0.0002491581259,3,573,0.02726655455249729,0.014348359405591449
926,0.9634073851372,0.0169886001115,1,537,0.028548314652659675,0.019129847849931082
862,0.023813900438,0.0001242966412,2,200,0.026979427418925544,0.014348792080321715
882,0.025702609278,0.0001335448979,2,207,0.025384095392443917,0.01393299166452131
859,0.0329067834711,0.0001210743174,2,197,0.025470922246123805,0.014348359405591449
50,0.3125507087771,0.0005791857738,1,531,0.02622759294329267,0.01372509145662113
50,0.3125507087771,0.0005785918661,1,531,0.02544584025036205,0.012477257534489583
746,0.482946642385,0.0002244156546,3,966,0.025601797221284923,0.014141108209786668
206,0.6506836018436,0.0001100587702,3,88,0.029173792979934,0.01559662600245324
522,0.9568140739158,0.00073362381,3,843,0.026616277929508325,0.013517840260816327
326,0.4229433740754,0.0093734861466,1,213,0.027781368909460126,0.014140891872421513
583,0.9617281296946,0.0002488142182,2,189,0.026905249321099483,0.015180825586652836
515,0.9574470186711,0.0004266926202,2,354,0.02683754866773432,0.014557557637682472
556,0.6020880937549,0.0050810476447,3,1002,0.02577063704078848,0.1072808340238101
623,0.5327950896181,0.0001028681582,5,87,0.026053349303476737,0.014556692288221939
1024,0.8973291223541,0.0150597220624,4,217,0.034087689771796714,0.018301275741442226
629,0.0960157047896,0.0109639694441,2,75,0.028790775627800913,0.014972276366657234
556,0.6033580143539,0.0050810476447,3,1002,0.01593879632877581,0.1924002846999725
40,0.3117695089346,0.0005791691351,1,531,0.024735467975789852,0.012685374079754896
36,0.3125507087771,0.0005791691351,1,531,0.024749331546552254,0.013309074703455548
37,0.3125507087771,0.0005791691351,1,531,0.02599861184755961,0.0131020398450159
589,0.3165091566002,0.0054967143116,5,354,0.04553377599427194,0.017051494783024434
567,0.8624908858692,0.0051093891509,4,999,0.012508714000384013,0.28096577326546107
567,0.6617393066999,0.0051095070459,4,1002,0.007062795261542003,0.3668285591282469
577,0.6031606706733,0.0050778856496,3,1002,0.01595165344801816,0.19272781947079554
793,0.3276175651286,0.0032857992176,3,724,0.02613301359342806,0.016011993743523377
577,0.7093991812009,0.0051123597908,4,1002,0.0,0.4506123429120308
532,0.8599920903314,0.0051093891509,1,999,0.026129111855319055,0.014349224755052004
567,0.8650278657432,0.0050529545666,3,994,0.022831235112565934,0.12079369852522819
556,0.596882019163,0.0050810476447,1,1002,0.02748473664124807,0.014348792080321715
576,0.3441374385518,0.0050634304357,1,1001,0.02633517122629917,0.013309507378185837
435,0.8914715280552,0.0051165797238,3,972,0.02631952630751061,0.01559662600245324
854,0.5620766348174,0.0082084121571,2,1020,0.0,0.4506123429120308
580,0.4223949472747,0.0078124560989,2,1019,0.008405335744222005,0.37057076287045065
50,0.3125507087771,0.0005791691351,1,293,0.02747747043768565,0.013933424339251576
50,0.3125507087771,0.0005791691351,1,290,0.025045370441494564,0.014349008417686892
50,0.3125507087771,0.0005791691351,1,294,0.026170047611901254,0.013932775327156177
499,0.5709573657428,0.0051858733843,4,973,0.010076294541358947,0.27838183977622066
507,0.5700838303325,0.0051574421512,4,972,0.0045727621425281865,0.35788885018853805
505,0.5688666587874,0.0054205702276,4,972,0.006191421051820119,0.3893044970048092
593,0.5653557455382,0.0055521488941,3,1019,0.0,0.4506123429120308
232,0.5875699090052,0.0539202916472,5,639,0.0,0.5394084471087592
346,0.575752778987,0.0053066164299,4,1002,0.01005214593627236,0.2783827051256812
563,0.3517297025916,0.0053828866437,5,978,0.010022689537568526,0.2978056901053779
57,0.1100952743062,0.0056443910001,4,1019,0.04189812075008046,0.22100679082989177
568,0.8784070125226,0.0051093891509,3,999,0.02939160303636031,0.2724418647415526
590,0.6015219584229,0.0051173641719,3,1002,0.02889308493245732,0.18399449637743084
606,0.6645259731309,0.005074933844,5,1019,0.03097645044326782,0.29002425141863225
597,0.6028587294903,0.0051173641719,2,1002,0.026386494979713904,0.013932342652425888
567,0.5701797454497,0.0051150630527,3,972,0.011611928361834903,0.2797183720180598
577,0.60288483388,0.0050778856496,3,1002,0.006932591199874878,0.38545109585692316
276,0.0857186813163,0.051625098437,5,330,0.0,0.4724645801648924
567,0.3648512361857,0.0051165797238,3,972,0.009927640069614756,0.2761840684837563
695,0.4888498035311,0.0001712870003,5,85,0.029577207484028555,0.01601285909298391
50,0.3127568565809,0.0005791691351,1,531,0.025293299555778505,0.013725091456621107
52,0.3144723603941,0.0005791691351,1,531,0.025934837108308618,0.013725524131351374
841,0.3507583996513,0.0004058770914,2,78,0.02670762852285848,0.014555610601396207
850,0.3616531214174,0.0004124955106,2,79,0.02470240037549626,0.013725091456621086
835,0.403001484752,0.0004089773517,2,79,0.027100869579748676,0.016635478029858854
834,0.3719124181922,0.0004108357077,2,81,0.024962127109368643,0.014349224755052004
47,0.9696533579495,0.0051439336156,2,588,0.03718016241535996,0.026204296027396934
41,0.1127187796611,0.0005174148495,5,82,0.029305859957680556,0.01414175722188209
50,0.3125060542253,0.0005791691351,1,531,0.02469548411441572,0.01372574046871653
867,0.2375234985878,0.0001267992825,1,559,0.025790014465649925,0.01351697491135575
867,0.1890863541571,0.0001235113459,1,222,0.03619155670657302,0.01497292537875261
884,0.1907912412318,0.0001228962007,1,215,0.02989227941541961,0.016636992391414897
879,0.1905504604468,0.0001294864698,1,218,0.030383724064537977,0.014765241508217564
873,0.188155457187,0.0001255406092,1,218,0.03385617993094705,0.016012859092983934
872,0.3440316427539,0.000195070444,1,222,0.025763615667819973,0.012477041197124405
301,0.6024312318605,0.0030112854495,1,1017,0.027647444172339008,0.014348792080321715
50,0.3063668773352,0.0005791691351,1,531,0.026798213991251856,0.013933208001886443
50,0.3062179810851,0.0005791691351,1,531,0.025558674705751017,0.014349224755051982
52,0.3125507087771,0.0005791691351,1,531,0.026364263079383155,0.013101607170285634
313,0.1627729435556,0.0069241705348,3,292,0.02767636033621701,0.015389374806648481
878,0.9871063179024,0.0007499017005,4,135,0.0245363975835569,0.013516325899260351
566,0.8328339028721,0.0011065130496,2,390,0.02689542548222975,0.012893057950289988
854,0.3312816035735,0.0004216810738,1,79,0.025633624295393627,0.013724875119255974
344,0.1356592291087,0.0476860606025,5,885,0.027686470205133613,0.45250616020647233
867,0.1754882805661,0.0008307869858,5,983,0.02661634676384203,0.01226935732658938
656,0.1759375553151,0.0003413606608,5,154,0.026720614785497837,0.013517191248720906
626,0.1789322105834,0.0003565484399,5,166,0.02703384468049714,0.014764159821391875
839,0.1797570070433,0.0003716501567,5,194,0.030734697715802627,0.01663677605404972
845,0.1748409674638,0.0003662889106,5,193,0.026254686216513317,0.013101823507650745
867,0.1761504919556,0.0007805878858,5,929,0.026544000723145222,0.014348792080321738
850,0.1806847057251,0.0003762320395,5,139,0.028603684369361764,0.014140891872421513
589,0.8920722198871,0.0010764939513,5,1019,0.02525842673850782,0.013724875119255953
612,0.9329005349721,0.0010908855846,5,1019,0.025864201811226933,0.013725524131351374
895,0.994337004849,0.003165836504,4,99,0.035264168300411916,0.01788547532564182
888,0.9935334825046,0.0009579228484,4,136,0.027905919904058628,0.013308858366090415
895,0.419227400844,0.0001752101846,1,896,0.024885155685020217,0.013517191248720906
296,0.3073615378608,0.0006343167147,2,541,0.026062275297714,0.013933208001886466
952,0.3726301121335,0.000605725905,1,111,0.02570990971543572,0.013309507378185837
675,0.1936626676614,0.0001390817745,1,304,0.02734338469577558,0.013516758573990617
50,0.3125507087771,0.0005791691351,1,482,0.02583344929146044,0.01372465878189082
168,0.2814534929174,0.0304323393792,4,683,0.0,0.5019864096867218
975,0.4256488681704,0.0004159890231,2,82,0.026274595134186018,0.015596193327722973
888,0.3797742571972,0.0002009019554,2,81,0.026972265532522487,0.014349008417686892
789,0.2265099744513,0.0002319324653,5,654,0.027280256666920404,0.014141324547151779
981,0.6934863180751,0.0004171686163,2,83,0.030430530896692565,0.014349008417686892
981,0.6384915840087,0.0004102814575,2,85,0.025848560297127926,0.012892625275559722
978,0.6356447089905,0.000409965652,2,81,0.02836449892231912,0.014556259613491652
556,0.6013410118621,0.0050810476447,3,514,0.02926376991199724,0.014558206649777939
471,0.7306527015435,0.0050810476447,3,1002,0.014955199740149758,0.29470644101237237
553,0.4393646011369,0.0050903672854,3,514,0.028760822261824755,0.014348792080321738
475,0.8720913308343,0.0050956185672,3,994,0.025239069055427204,0.11954846065147835
321,0.7372429427863,0.0051131575079,3,759,0.026120744627533537,0.015180176574557391
532,0.8727159438951,0.0051093891509,3,967,0.03200649918931903,0.02079456387468872
326,0.8702243431838,0.0051105502428,3,767,0.02645955217607094,0.012477906546585005
630,0.2492300130528,0.0073933888611,2,634,0.027307251637632195,0.014349008417686871
752,0.4078879235485,0.0017339679492,2,671,0.025793883945002698,0.013517623923451193
175,0.2296888132694,0.03950861273,2,344,0.0,0.4701549624546503
363,0.7048011916753,0.0119313061816,4,150,0.028317900480646075,0.0160119937435234
409,0.9999678989952,0.0002409465863,1,459,0.013830028311772779,0.4896975819972698
424,0.9999622267918,0.0002488643954,3,130,0.015603967065160923,0.41799472569503787
190,0.4656784781535,0.0394217194298,2,359,0.0,0.4701549624546503
484,0.0279428960111,0.0001023774472,1,784,0.025311279296875,0.012269140989224204
192,0.4515833802534,0.0380567527117,2,383,0.0,0.49011338241307023
357,0.9322641502773,0.0226711319879,3,84,0.04753869566953543,0.016011993743523377
989,0.9426268343241,0.0060195143126,1,602,0.02763035105936455,0.014349224755052004
987,0.9304051762286,0.0060662926087,1,582,0.025774636115088605,0.013517191248720906
48,0.3644399097362,0.0083359465434,4,434,0.06705705270622715,0.13483464253495467
874,0.465764759598,0.0059499553883,1,607,0.02454073179851879,0.01518104192401799
821,0.4639475926703,0.0073333281497,2,498,0.026520833445317814,0.014348792080321738
586,0.9546390351007,0.000854152348,1,945,0.025785324582547852,0.014140891872421513
871,0.9294857240701,0.00616090925,1,584,0.029003177375504462,0.014140891872421535
910,0.0023786607398,0.0100147708,5,246,0.02761496943957878,0.013516758573990617
900,0.9270178581264,0.0160715640698,2,607,0.0,0.4506123429120308
785,0.9778093684714,0.0005511177972,1,349,0.024990679874564662,0.012685157742389786
878,0.1367274208745,0.0175743260453,2,610,0.0,0.4506123429120308
877,0.1173459080747,0.0176400956598,2,612,0.0,0.4506123429120308
876,0.0594130847853,0.0179971088727,2,626,0.0,0.4506123429120308
889,0.4452833728941,0.0117112072631,2,852,0.0,0.4506123429120308
643,0.1015010660214,0.0173019270103,2,613,0.0,0.4506123429120308
454,0.3231078033793,0.0002076452964,3,67,0.029441345352115057,0.014764376158757008
556,0.6033580143539,0.0050970832193,3,1002,0.01714476390318437,0.1883610497554306
542,0.6036030109607,0.0051173641719,3,1002,0.027975732042933955,0.013310372727646413
407,0.0537718896073,0.0013819068912,5,126,0.028959854082627728,0.013933208001886466
610,0.6043877351126,0.0050805715571,5,1019,0.013889275897632947,0.36391795621764406
570,0.5987381166932,0.0051165797238,3,972,0.06727678459702116,0.01622011028878876
554,0.6041872190685,0.0050810476447,5,1002,0.05424961526285519,0.19468718698687482
536,0.8770719243398,0.0051093891509,4,994,0.011942441734400662,0.2725606339550148
500,0.601265318145,0.0050810476447,3,1002,0.0047053185376254,0.35788885018853805
796,0.0177395155156,0.077985657684,5,263,0.0,0.49200719970751194
894,0.3935414930298,0.007503444766,1,606,0.0257223010875962,0.01351697491135575
890,0.606613763295,0.00584952842,1,646,0.025595545976450952,0.014141108209786668
885,0.3159004447505,0.0075512506531,1,616,0.02704840266343319,0.01393299166452131
42,0.7213791468867,0.0050899590579,4,727,0.02898215344457915,0.1332722540839086
658,0.3163465397716,0.0087626703306,1,343,0.026911325219905736,0.014349008417686892
644,0.2768952285943,0.0082826606704,1,334,0.03150132674159426,0.016012642755618846
556,0.6854892385531,0.0050810476447,3,1002,0.009324335672638634,0.28699487929456713
537,0.684618790812,0.0051199520114,3,972,0.045654633948297205,0.01725917865355948
431,0.8513833593055,0.0051105502428,3,983,0.030511367971246893,0.016012210080888555
590,0.2112988972532,0.0008059781708,4,770,0.026265201568603513,0.012893274287655142
174,0.589365108544,0.0019675948033,2,329,0.027212644291646555,0.013516974911355728
487,0.7111244392817,0.0031649030329,3,1010,0.026460858782132467,0.014972492704022344
310,0.8659009832131,0.0031739113879,3,985,0.0282094799840089,0.014349224755052004
574,0.6598637984668,0.0050920574533,1,925,0.024765456237576224,0.012893057950289988
862,0.0715730811781,0.0014352167245,1,109,0.024609055771972192,0.012685157742389808
49,0.3125507087771,0.0005791691351,1,531,0.025755706275954394,0.013309507378185837
776,0.7176480241481,0.0086209994922,1,617,0.0259508992505796,0.013725091456621086
881,0.9560628975986,0.0079865119341,4,550,0.0308396402091691,0.017467944210920305
802,0.3667031488845,0.008763849162,1,609,0.027847624059879415,0.013517191248720884
829,0.4842447604345,0.0087655658927,1,607,0.025981743660840124,0.013101823507650767
136,0.0068141619825,0.0021713942833,3,320,0.028954079160184575,0.015804526210353463
710,0.4338756256329,0.0087631832143,1,615,0.02792094378760367,0.014141324547151779
994,0.6565668973464,0.0051834825759,1,697,0.026555210830587327,0.014141324547151779
987,0.6838664721324,0.0118977149293,1,201,0.02738227156075564,0.01622032662615387
899,0.9794167840209,0.000293254536,2,69,0.04203530097549611,0.02038049415780945
615,0.3343188969116,0.0026029785193,3,368,0.029283658211881464,0.015180392911922547
993,0.6195683313511,0.0055582955317,1,690,0.026080057792591326,0.013933640676616755
896,0.3894773526391,0.0052367590164,1,713,0.02615803141485561,0.01393299166452131
901,0.6668673201767,0.0053779329001,1,700,0.02592357505451549,0.014349441092417137
212,0.3863592531589,0.0054443219979,1,804,0.02794803333101851,0.014349441092417137
556,0.6031087144441,0.0007175365909,3,980,0.02425611281033718,0.012893490625020276
568,0.8771008601694,0.0051093891509,3,999,0.017664289474487303,0.19439123747136233
567,0.8775981726425,0.0040672539842,3,999,0.031895611015233125,0.014348792080321715
567,0.8778793499389,0.0047434989212,3,994,0.019729788465933366,0.0997957775273072
556,0.6033580143539,0.0045450923078,3,1002,0.02535526561917681,0.01393299166452131
415,0.6014374237466,0.0001173314843,2,148,0.024297533252022482,0.013309507378185837
553,0.8790570008221,0.000116066589,3,979,0.02455306733196432,0.013724875119255953
624,0.5894825622488,0.0050719014711,5,1019,0.014755889412128565,0.2759761682758561
152,0.0287950812798,0.001130718865,3,132,0.026782432270772528,0.014557341300317361
565,0.8996152883963,0.0049577296892,3,523,0.02821476703340357,0.013308642028725259
567,0.8864309768605,0.0046933726448,3,528,0.027935425982330786,0.01538872579455306
549,0.9235707636791,0.0048175907968,3,519,0.026294382431290363,0.014349441092417158
59,0.9153595712711,0.0049020796487,3,510,0.03346899122902841,0.018716210807782074
554,0.9068462504658,0.0048394365204,3,440,0.02797806458039717,0.014141757221882068
63,0.8851491146165,0.0049552391839,3,527,0.040105439270987656,0.018716210807782074
819,0.9586711897566,0.0077957432119,2,618,0.02807490157358574,0.015180609249287724
390,0.6004466200501,0.0051077058945,3,1019,0.010705825686454774,0.29750822622830947
525,0.6733637952327,0.0862840334044,4,954,0.0,0.5219448296451419
899,0.5583103303169,0.0007538978419,3,114,0.027742053180029896,0.014557124962952228
299,0.3963555671112,0.0051068654301,4,1002,0.004254651069641113,0.40614441384472605
504,0.3895707880509,0.0055318880591,4,1002,0.010856131315231323,0.2985479436051757
448,0.391698848721,0.00716396782,4,971,0.0,0.5098866175869297
314,0.3938300271757,0.006458102603,4,972,0.005049876570701599,0.40561806503533865
246,0.5204389352995,0.0055340024173,4,971,0.006118887121027166,0.4011320934317812
567,0.8754678127309,0.0047326422721,3,994,0.026792075435320535,0.013309074703455525
593,0.9450398899006,0.0047243600928,3,865,0.028164607629631504,0.014556692288221939
672,0.9524119570657,0.0047102811731,3,631,0.026050663689772286,0.012686023091850318
567,0.9448313920235,0.004780948085,3,648,0.027387641695412725,0.013933208001886466
567,0.9271227811673,0.004737207738,3,644,0.02667514103831667,0.014557124962952228
582,0.9773356367619,0.0047068495608,3,649,0.029252612319859594,0.01476502517085243
556,0.607476160923,0.0050810476447,3,1002,0.018308689016284366,0.20873570280438125
556,0.6064812539184,0.0050810476447,3,1002,0.019023921381343494,0.12495148634586717
34,0.5750626551317,0.005123053051,5,1019,0.018206144571304324,0.2857474780471659
35,0.7931150494822,0.0005001873953,2,197,0.026084941508192006,0.01372530779398624
269,0.7382772212128,0.0099115603189,2,495,0.026529393990834555,0.013932558989791044
43,0.5739690229526,0.0051321973161,5,1019,0.018958937327067056,0.30874262560006577
43,0.5820823897575,0.0051215348698,5,972,0.07394750199534676,0.06925153761782273
241,0.5756149290246,0.0051235588182,5,1002,0.018415277762846512,0.18648994788432874
340,0.5867164966316,0.0053884786802,5,973,0.02117007158019326,0.28553957783926565
350,0.5933773558093,0.0052795530826,5,978,0.003969861973415722,0.37306556536525315
74,0.0609035235505,0.0010830271932,4,71,0.029768742982185254,0.01559662600245324
259,0.6507585436394,0.0002989752465,5,99,0.026726564593387375,0.012893274287655122
346,0.5768255842559,0.0051172570619,4,972,0.01003038222139532,0.3259925017469242
350,0.5761499370597,0.0051273935888,4,972,0.032523566936001634,0.10062672934681256
342,0.3859073642901,0.0051165797238,4,972,0.01686500347021854,0.2294292371295493
343,0.3452096497061,0.005246754553,4,1019,0.011546893553300337,0.2876185799182678
343,0.5763660911066,0.0052738634462,4,973,0.020367437492717393,0.20831882070175514
624,0.5408200930598,0.0051209690183,4,1019,0.011121392250061035,0.2810873548646701
513,0.5683972468562,0.0052217279523,4,978,0.011509759624799092,0.32120949894102857
876,0.7263410007198,0.0012338308529,5,915,0.025480352360190767,0.014556908625587095
505,0.5692472642944,0.006368305114,4,972,0.0,0.4506123429120308
538,0.6022180567535,0.0052120571901,4,972,0.005794904828071594,0.3645416568413447
76,0.5370256568832,0.0053791039068,4,971,0.022796579599380494,0.32017259394990927
870,0.838433460566,0.062117782866,2,506,0.0,0.5119656196659318
516,0.5620990020597,0.0053734482485,4,1002,0.0,0.4506123429120308
533,0.3511623434143,0.0050676555518,4,1002,0.011336309711138408,0.3007162930159809
368,0.8846056199151,0.0047434989212,3,994,0.027452519418615283,0.018095538907193398
230,0.8384009961812,0.0241285759243,4,399,0.0,0.49242300012331236
877,0.4673413931633,0.0059334790692,1,831,0.027427751421928402,0.013933424339251576
860,0.4485561013665,0.0012337656281,4,372,0.026126385096347692,0.014348792080321715
51,0.3045927160743,0.0001441991316,3,774,0.0250478453076247,0.012893057950289966
805,0.6239287779771,0.0015013959519,2,590,0.02400126163706635,0.013100741820825056
51,0.247667515774,0.000123059433,3,759,0.024890092665498905,0.012685157742389808
51,0.2476011827062,0.0001636222442,3,765,0.023784092592470572,0.012269573663954491
860,0.4816015682133,0.0049718355862,5,215,0.03272732236168601,0.01351697491135575
951,0.5176625486147,0.00600687495,2,607,0.024764047517920985,0.012892841612924833
930,0.5364650532355,0.0059819366313,2,622,0.02926736215750376,0.016012426418253668
950,0.6879677954942,0.0053854695059,2,616,0.03172882197481213,0.015804742547718596
71,0.7540531612728,0.0001529121385,3,887,0.025939637783801917,0.012686023091850362
924,0.652359081129,0.0059744112881,2,578,0.029594046925053453,0.015389591144013615
81,0.6302889875912,0.0050919242175,1,616,0.025941636146921097,0.0149727090413875
937,0.9210609763981,0.0053448509192,3,575,0.027486880539041574,0.01642801049668896
50,0.3125549943157,0.0005791691351,1,531,0.02591307294188123,0.013725524131351396
490,0.7585144784673,0.0015023266449,5,934,0.028073815143469606,0.013933208001886443
268,0.0491470423343,0.0369600398001,5,193,0.02605041655627164,0.301154808855121
897,0.8240962004553,0.0001255143651,1,758,0.024036847569725732,0.01268494140502463
904,0.8554987333273,0.0001137590925,1,726,0.0246852878277952,0.012892841612924833
954,0.5390310800163,0.0099894151975,2,585,0.029691086962367545,0.015595976990357818
944,0.9458301400494,0.0012028285297,1,737,0.025332710390741177,0.013725524131351396
845,0.4134734877517,0.0097879620408,1,79,0.030459908039280864,0.015596193327722973
567,0.8779843257977,0.0047434989212,1,994,0.027678240754387594,0.014557341300317361
452,0.6064812539184,0.0049723911348,2,1002,0.027842668394247694,0.01621989395142358
877,0.5425838495931,0.0025264003497,4,134,0.028503820733590556,0.015180825586652857
744,0.4163731415145,0.0006378573772,1,980,0.025216278596357868,0.01372530779398624
303,0.883509567128,0.0038331241193,1,1017,0.02600852574362899,0.013309291040820681
431,0.1022799431693,0.0047515585435,1,532,0.02571025168353861,0.01414175722188209
424,0.3071880772077,0.0047515652861,1,530,0.02946202803741802,0.018506796238325872
746,0.6679412990445,0.0047517274658,1,138,0.026125167084462712,0.014140459197691269
225,0.3657483406328,0.0049789004084,3,485,0.03555725042567109,0.014765241508217541
567,0.8778793499389,0.0047434989212,2,994,0.027687216139200964,0.01538829311982277
354,0.0109351317045,0.0001009231543,4,811,0.024107894825212882,0.012477690209219872
65,0.9262673075206,0.005288340559,2,608,0.028330479444879476,0.016427794159323807
523,0.7470776440643,0.0051105502428,3,983,0.02269042275168679,0.09875670916253643
61,0.7191745460111,0.0059448304252,2,608,0.029808448833046536,0.019755279172552865
372,0.4450557702424,0.0187062340068,5,604,0.0,0.5394084471087592
164,0.2478877367891,0.0890103197276,4,615,0.01496849168430675,0.4965810042813164
714,0.7677538938823,0.0169867159504,2,858,0.0,0.4506123429120308
692,0.1337741346395,0.0170225860422,2,809,0.0,0.4701549624546503
691,0.1072536990276,0.0172134622341,2,626,0.0,0.4506123429120308
694,0.3188895857495,0.0169774089562,2,806,0.0,0.4506123429120308
124,0.4938766342582,0.0019200840487,3,224,0.02766154259443283,0.014349224755052004
110,0.0029551952825,0.004361675858,2,367,0.028686158476453838,0.015597058677183506
510,0.562277668268,0.0065502711634,3,1019,0.0,0.4701549624546503
552,0.6076154639293,0.0102679312828,4,644,0.00790617590600794,0.2753524676521555
640,0.9602980589185,0.00620265735,5,1005,0.010439826141704214,0.3834605757602636
874,0.8768629892006,0.0004874722998,2,109,0.027063394568183206,0.01497292537875261
762,0.4710255272962,0.012853598832,5,939,0.0,0.5493876570879693
649,0.5268945270631,0.0060427254154,3,617,0.028114825505198858,0.014972709041387477
972,0.5147261710053,0.0061062609464,2,424,0.026873651408787936,0.014556692288221918
973,0.5195132912196,0.0065252269696,3,408,0.02498432847586545,0.014348792080321715
797,0.0354467615182,0.004168607559,2,775,0.027040377015417272,0.014765674182947853
679,0.577094262477,0.0291058872329,4,165,0.03970419005914168,0.10166861009733019
50,0.3125507087771,0.0005790889543,1,531,0.025232624167745764,0.013101174495555345
338,0.9578018446818,0.0004765875064,1,995,0.026974496182167167,0.014557124962952205
728,0.9791429742962,0.0001242452839,1,534,0.036682803016720396,0.017467727873555126
394,0.9868024257349,0.0001277536022,1,538,0.042870494524637856,0.01767627709355075
610,0.9500040376417,0.0093770032648,2,647,0.048871253801114636,0.015180825586652836
1018,0.6594066920869,0.0015480418295,3,310,0.02813493423389666,0.015596409665088106
1008,0.5806398521946,0.0060394696537,1,436,0.025858374066425095,0.01372530779398622
319,0.9274172379902,0.0086640974157,2,643,0.02742452304471623,0.015181474598748256
556,0.5917681795542,0.0031270468847,1,1021,0.026405109121943965,0.014348359405591449
562,0.3939332564049,0.0030429831345,1,1019,0.025978632506096,0.01393364067661671
560,0.8417418750114,0.0031486062001,1,1023,0.027444864014784492,0.014972492704022344
977,0.5211217831813,0.005077293681,2,384,0.027152608226646075,0.014973141716117789
982,0.5175308657242,0.0050797658018,4,356,0.024940305857947376,0.012686023091850341
981,0.0746614806332,0.0072363939246,3,267,0.029752324286735417,0.015388725794553037
952,0.7767874835069,0.0060115074722,3,391,0.028579795441844247,0.01622011028878876
990,0.6972484915789,0.0051800133465,3,270,0.028415998039823594,0.015388509457187904
920,0.5208591143281,0.0063167822232,1,687,0.03041458120851806,0.014349008417686892
135,0.6549279758055,0.0072669587475,1,897,0.027253760559992356,0.0151821236108437
775,0.7414095400499,0.0002383415854,3,68,0.02425006280342738,0.01414067553505638
436,0.5880480961792,0.0737297752161,1,563,0.025501661047790992,0.20811784328953947
333,0.30169197533,0.0004310262616,2,148,0.02611057857672373,0.014764376158757008
465,0.6504188066086,0.0079913023414,1,917,0.042783332376769095,0.014140459197691224
181,0.1880116307961,0.0034888255199,4,307,0.028109470298795992,0.01455799031241276
142,0.6843684324307,0.0001278531552,1,572,0.024273821539951095,0.012685374079754919
567,0.8775981726425,0.0052108259914,5,999,0.0,0.4724645801648924
616,0.3584368875553,0.0464238564271,5,88,0.014711789335265301,0.3367057444060566
570,0.6019478653465,0.0051173641719,3,1002,0.01622831426786654,0.1889856157285918
505,0.5881638693884,0.0051136312596,4,972,0.004672859473661943,0.35788885018853805
547,0.6447056294106,0.0121063163858,4,555,0.019412100712458295,0.19730357108088636
535,0.6403208412108,0.0121181987885,4,553,0.0,0.4724645801648924
567,0.6041376154062,0.0051366083333,4,972,0.010527526700135435,0.2984293907290786
567,0.6005204604625,0.0051165797238,1,972,0.027035133414196243,0.015388942131918193
990,0.5183678410036,0.0059081555316,1,587,0.026091820019664185,0.01372574046871653
989,0.5202709788289,0.0055692148227,2,603,0.026245602098378267,0.014141108209786668
991,0.5184975506746,0.0058262307284,1,539,0.02497445476777626,0.013309074703455525
267,0.6009600309283,0.0176270657121,1,465,0.03366421663399899,0.018092077509351157
991,0.5164771881355,0.0054978405084,2,397,0.02733640710512797,0.0149733580534829
989,0.5074463954318,0.0054596713525,2,93,0.02554131226106123,0.014349008417686871
996,0.5074516570373,0.0054405487661,2,64,0.030292106198542047,0.015595760652992684
991,0.5107463500595,0.0054163630064,2,105,0.028778780617497186,0.014557124962952228
624,0.4184762267308,0.0051012453228,4,1019,0.005727639794349671,0.3653732576729455
418,0.5709573657428,0.0051906913861,4,973,0.0,0.49759778989747766
568,0.3516101171683,0.0065802224439,5,1002,0.0,0.46059155289124065
385,0.5717325141827,0.0051150630527,3,972,0.029879485838340984,0.015805607897179174
541,0.2775236226391,0.0066300670267,5,1019,0.003435942530632019,0.37285766515735297
43,0.8303067747316,0.0102998525322,3,669,0.03640905757745107,0.12412031818899665
849,0.793910565654,0.0103468044505,3,639,0.0,0.4506123429120308
553,0.6004201061057,0.0103434760855,3,643,0.0,0.4780551703548582
370,0.6357825999671,0.0007886447754,4,808,0.02933823130347512,0.015596409665088129
66,0.9954990992455,0.0007675262011,4,886,0.03513349195321401,0.01726004400302006
828,0.347807610996,0.0056973091229,3,640,0.03815023756388462,0.015180609249287703
824,0.3784358149486,0.0057548491038,3,663,0.028974375020373956,0.015181041924017969
42,0.6021608734711,0.0048559330925,1,1017,0.031443392291213526,0.01580474254771862
59,0.9963725067002,0.0011552336883,5,125,0.045992592491886836,0.02432756938480145
46,0.9969490703241,0.0011996793302,4,125,0.049765041136380396,0.03472539216555863
326,0.6652725051865,0.0004618774635,1,171,0.025616486912423915,0.014765025170852408
965,0.161218972102,0.0005857271255,1,397,0.025467146626024534,0.013933424339251599
447,0.3848492044862,0.0084903186993,3,307,0.026718916305989927,0.014972925378752633
815,0.7797463502689,0.024937511505,5,250,0.0,0.4506123429120308
965,0.8445783844527,0.0001198302673,1,748,0.02513330594156728,0.013933208001886443
492,0.4176602445228,0.0875159960023,5,114,0.0,0.48013417243386025
972,0.7639162876517,0.0001246310009,1,755,0.024620667894681293,0.012476824859759294
559,0.5361882842104,0.0104145281948,5,172,0.03264903621240096,0.016220975638249313
963,0.8481136647513,0.0002025377778,1,831,0.024417048177935864,0.013309507378185837
883,0.4077623882097,0.004954068725,5,188,0.025259817080064258,0.01372530779398624
556,0.6061671907817,0.0050810476447,3,1002,0.023487258183233665,0.1076966344396105
562,0.877911795987,0.0047434989212,3,994,0.047446405508301474,0.017676060756185597
480,0.6825130220223,0.0050436101999,3,983,0.019917655966498637,0.19272781947079554
488,0.6785272199336,0.0050775886063,1,67,0.026898331578933832,0.015181041924017969
615,0.4856484164239,0.0393542240269,1,143,0.04843765045657302,0.01871534545832154
480,0.6184430187826,0.0065621783764,2,730,0.02799510655078021,0.015180609249287703
620,0.3220869423634,0.0090357745357,4,256,0.027585670478416213,0.01601156106879311
351,0.8876798499216,0.00048499621,3,1017,0.025840985296350538,0.013309291040820704
995,0.1815893093402,0.0050866562156,4,268,0.02714298212166989,0.01351740758608606
992,0.879808777904,0.005632825254,4,414,0.02852602895462152,0.014557557637682494
1007,0.8481993426689,0.0057043927772,4,429,0.02873261419209567,0.01476502517085243
714,0.6577090654163,0.005216227452,1,897,0.023957254588603975,0.013309074703455548
972,0.4445467893375,0.0060779575901,3,489,0.02686334823117112,0.014556692288221918
705,0.8800735395662,0.0052020595201,1,866,0.025449919393568332,0.013517623923451173
987,0.7146434011313,0.0068794599473,4,345,0.02770112121647055,0.014973141716117766
172,0.8758825400449,0.0001108292348,1,764,0.026310232543584073,0.01351675857399064
786,0.4411655478602,0.0502643559793,4,405,0.0,0.5493876570879693
418,0.7576007649817,0.0005153254111,3,497,0.025095543843327146,0.01330950737818586
993,0.8305456139243,0.0058532052108,2,604,0.025540528252269285,0.013101174495555323
868,0.7064054698057,0.0001626714334,1,411,0.023944370719519527,0.01330972371555097
806,0.9643104319394,0.0001786439031,1,372,0.027859626863942,0.01414024286032609
192,0.2474899500334,0.0006557240611,1,901,0.024968505032134783,0.013725091456621107
1002,0.7568375998829,0.0018546806508,1,496,0.02733796368042628,0.014348792080321738
242,0.7963891083678,0.0102679312828,5,530,0.020353531340758006,0.22194482964514178
492,0.7347335234116,0.0010891028744,3,112,0.027685326798395676,0.014764376158757008
183,0.1765133865389,0.0102304921656,5,530,0.016010687549908954,0.3056187140474341
297,0.4778386636726,0.01026540963,3,879,0.0,0.47057076287045074
85,0.6396354812728,0.0102287027184,4,537,0.03653946145014329,0.2890738813735692
81,0.1475453493148,0.0102506385667,4,574,0.03351042904637076,0.3488723414842041
338,0.0981671730442,0.010215888628,3,536,0.02803649441762404,0.013309291040820681
304,0.6077392783388,0.0046363095928,1,85,0.027960970130833714,0.01559662600245324
123,0.8042877224422,0.0009754536451,2,67,0.026007441851225766,0.014348792080321715
848,0.1629913343709,0.0052454731341,1,764,0.029142604569594065,0.015388942131918193
836,0.2272327656087,0.0052312753771,1,765,0.027389478963432884,0.014764808833487275
296,0.3073615378608,0.0006344197599,1,541,0.0241461538365393,0.013933424339251576
301,0.6021608734711,0.0031150429738,1,1017,0.02573565208550656,0.014557124962952228
797,0.2773510924512,0.0004601444567,4,617,0.02560928835110231,0.013309074703455548
562,0.5935117726483,0.0009910348487,3,965,0.027517364034146972,0.013517623923451193
305,0.8071023984917,0.0001030798421,1,108,0.02698141626336358,0.015388509457187904
